14:22:09.978191 eth0  Out IP 192.0.2.10.49852 > 192.0.2.123.80: Flags [S], seq 2358684271, win 64240, options [mss 1460,sackOK,TS val 3817239850 ecr 0,nop,wscale 7], length 0
14:22:09.978779 eth0  Out IP 192.0.2.10.49652 > 192.0.2.49.9999: UDP, length 27
14:22:09.981288 eth0  In  IP 192.0.2.123.80 > 192.0.2.10.49852: Flags [S.], seq 9693263, ack 2358684148, win 65535, length 0
14:22:09.981298 eth0  Out IP 192.0.2.10.49852 > 192.0.2.123.80: Flags [R], seq 2358684148, win 0, length 0
14:22:09.981306 eth0  In  IP 192.0.2.123.80 > 192.0.2.10.49852: Flags [S.], seq 9693263, ack 2358684149, win 65535, length 0
14:22:09.981307 eth0  Out IP 192.0.2.10.49852 > 192.0.2.123.80: Flags [R], seq 2358684149, win 0, length 0
14:22:09.981310 eth0  In  IP 192.0.2.123.80 > 192.0.2.10.49852: Flags [S.], seq 9693263, ack 2358684150, win 65535, length 0
14:22:09.981311 eth0  Out IP 192.0.2.10.49852 > 192.0.2.123.80: Flags [R], seq 2358684150, win 0, length 0
14:22:09.981313 eth0  In  IP 192.0.2.123.80 > 192.0.2.10.49852: Flags [S.], seq 9693263, ack 2358684151, win 65535, length 0
14:22:09.981314 eth0  Out IP 192.0.2.10.49852 > 192.0.2.123.80: Flags [R], seq 2358684151, win 0, length 0
14:22:09.981316 eth0  In  IP 192.0.2.123.80 > 192.0.2.10.49852: Flags [S.], seq 9693263, ack 2358684152, win 65535, length 0
14:22:09.981318 eth0  Out IP 192.0.2.10.49852 > 192.0.2.123.80: Flags [R], seq 2358684152, win 0, length 0
14:22:09.981320 eth0  In  IP 192.0.2.123.80 > 192.0.2.10.49852: Flags [S.], seq 9693263, ack 2358684153, win 65535, length 0
14:22:09.981321 eth0  Out IP 192.0.2.10.49852 > 192.0.2.123.80: Flags [R], seq 2358684153, win 0, length 0
14:22:09.981323 eth0  In  IP 192.0.2.123.80 > 192.0.2.10.49852: Flags [S.], seq 9693263, ack 2358684154, win 65535, length 0
14:22:09.981324 eth0  Out IP 192.0.2.10.49852 > 192.0.2.123.80: Flags [R], seq 2358684154, win 0, length 0
14:22:09.981327 eth0  In  IP 192.0.2.123.80 > 192.0.2.10.49852: Flags [S.], seq 9693263, ack 2358684155, win 65535, length 0
14:22:09.981328 eth0  Out IP 192.0.2.10.49852 > 192.0.2.123.80: Flags [R], seq 2358684155, win 0, length 0
14:22:09.981330 eth0  In  IP 192.0.2.123.80 > 192.0.2.10.49852: Flags [S.], seq 9693263, ack 2358684156, win 65535, length 0
14:22:09.981331 eth0  Out IP 192.0.2.10.49852 > 192.0.2.123.80: Flags [R], seq 2358684156, win 0, length 0
14:22:09.981333 eth0  In  IP 192.0.2.123.80 > 192.0.2.10.49852: Flags [S.], seq 9693263, ack 2358684157, win 65535, length 0
14:22:09.981334 eth0  Out IP 192.0.2.10.49852 > 192.0.2.123.80: Flags [R], seq 2358684157, win 0, length 0
14:22:09.981336 eth0  In  IP 192.0.2.123.80 > 192.0.2.10.49852: Flags [S.], seq 9693263, ack 2358684158, win 65535, length 0
14:22:09.981338 eth0  Out IP 192.0.2.10.49852 > 192.0.2.123.80: Flags [R], seq 2358684158, win 0, length 0
14:22:09.981340 eth0  In  IP 192.0.2.123.80 > 192.0.2.10.49852: Flags [S.], seq 9693263, ack 2358684159, win 65535, length 0
14:22:09.981341 eth0  Out IP 192.0.2.10.49852 > 192.0.2.123.80: Flags [R], seq 2358684159, win 0, length 0
14:22:09.981343 eth0  In  IP 192.0.2.123.80 > 192.0.2.10.49852: Flags [S.], seq 9693263, ack 2358684160, win 65535, length 0
14:22:09.981344 eth0  Out IP 192.0.2.10.49852 > 192.0.2.123.80: Flags [R], seq 2358684160, win 0, length 0
14:22:09.981347 eth0  In  IP 192.0.2.123.80 > 192.0.2.10.49852: Flags [S.], seq 9693263, ack 2358684161, win 65535, length 0
14:22:09.981348 eth0  Out IP 192.0.2.10.49852 > 192.0.2.123.80: Flags [R], seq 2358684161, win 0, length 0
14:22:09.981350 eth0  In  IP 192.0.2.123.80 > 192.0.2.10.49852: Flags [S.], seq 9693263, ack 2358684162, win 65535, length 0
14:22:09.981351 eth0  Out IP 192.0.2.10.49852 > 192.0.2.123.80: Flags [R], seq 2358684162, win 0, length 0
14:22:09.981353 eth0  In  IP 192.0.2.123.80 > 192.0.2.10.49852: Flags [S.], seq 9693263, ack 2358684163, win 65535, length 0
14:22:09.981354 eth0  Out IP 192.0.2.10.49852 > 192.0.2.123.80: Flags [R], seq 2358684163, win 0, length 0
14:22:09.981357 eth0  In  IP 192.0.2.123.80 > 192.0.2.10.49852: Flags [S.], seq 9693263, ack 2358684164, win 65535, length 0
14:22:09.981358 eth0  Out IP 192.0.2.10.49852 > 192.0.2.123.80: Flags [R], seq 2358684164, win 0, length 0
14:22:09.981360 eth0  In  IP 192.0.2.123.80 > 192.0.2.10.49852: Flags [S.], seq 9693263, ack 2358684165, win 65535, length 0
14:22:09.981361 eth0  Out IP 192.0.2.10.49852 > 192.0.2.123.80: Flags [R], seq 2358684165, win 0, length 0
14:22:09.981363 eth0  In  IP 192.0.2.123.80 > 192.0.2.10.49852: Flags [S.], seq 9693263, ack 2358684166, win 65535, length 0
14:22:09.981364 eth0  Out IP 192.0.2.10.49852 > 192.0.2.123.80: Flags [R], seq 2358684166, win 0, length 0
14:22:09.981367 eth0  In  IP 192.0.2.123.80 > 192.0.2.10.49852: Flags [S.], seq 9693263, ack 2358684167, win 65535, length 0
14:22:09.981368 eth0  Out IP 192.0.2.10.49852 > 192.0.2.123.80: Flags [R], seq 2358684167, win 0, length 0
14:22:09.981370 eth0  In  IP 192.0.2.123.80 > 192.0.2.10.49852: Flags [S.], seq 9693263, ack 2358684168, win 65535, length 0
14:22:09.981371 eth0  Out IP 192.0.2.10.49852 > 192.0.2.123.80: Flags [R], seq 2358684168, win 0, length 0
14:22:09.981373 eth0  In  IP 192.0.2.123.80 > 192.0.2.10.49852: Flags [S.], seq 9693263, ack 2358684169, win 65535, length 0
14:22:09.981375 eth0  Out IP 192.0.2.10.49852 > 192.0.2.123.80: Flags [R], seq 2358684169, win 0, length 0
14:22:09.981377 eth0  In  IP 192.0.2.123.80 > 192.0.2.10.49852: Flags [S.], seq 9693263, ack 2358684170, win 65535, length 0
14:22:09.981378 eth0  Out IP 192.0.2.10.49852 > 192.0.2.123.80: Flags [R], seq 2358684170, win 0, length 0
14:22:09.981380 eth0  In  IP 192.0.2.123.80 > 192.0.2.10.49852: Flags [S.], seq 9693263, ack 2358684171, win 65535, length 0
14:22:09.981381 eth0  Out IP 192.0.2.10.49852 > 192.0.2.123.80: Flags [R], seq 2358684171, win 0, length 0
14:22:09.981383 eth0  In  IP 192.0.2.123.80 > 192.0.2.10.49852: Flags [S.], seq 9693263, ack 2358684172, win 65535, length 0
14:22:09.981385 eth0  Out IP 192.0.2.10.49852 > 192.0.2.123.80: Flags [R], seq 2358684172, win 0, length 0
14:22:09.981387 eth0  In  IP 192.0.2.123.80 > 192.0.2.10.49852: Flags [S.], seq 9693263, ack 2358684173, win 65535, length 0
14:22:09.981388 eth0  Out IP 192.0.2.10.49852 > 192.0.2.123.80: Flags [R], seq 2358684173, win 0, length 0
14:22:09.981390 eth0  In  IP 192.0.2.123.80 > 192.0.2.10.49852: Flags [S.], seq 9693263, ack 2358684174, win 65535, length 0
14:22:09.981391 eth0  Out IP 192.0.2.10.49852 > 192.0.2.123.80: Flags [R], seq 2358684174, win 0, length 0
14:22:09.981393 eth0  In  IP 192.0.2.123.80 > 192.0.2.10.49852: Flags [S.], seq 9693263, ack 2358684175, win 65535, length 0
14:22:09.981394 eth0  Out IP 192.0.2.10.49852 > 192.0.2.123.80: Flags [R], seq 2358684175, win 0, length 0
14:22:09.981397 eth0  In  IP 192.0.2.123.80 > 192.0.2.10.49852: Flags [S.], seq 9693263, ack 2358684176, win 65535, length 0
14:22:09.981398 eth0  Out IP 192.0.2.10.49852 > 192.0.2.123.80: Flags [R], seq 2358684176, win 0, length 0
14:22:09.981400 eth0  In  IP 192.0.2.123.80 > 192.0.2.10.49852: Flags [S.], seq 9693263, ack 2358684177, win 65535, length 0
14:22:09.981401 eth0  Out IP 192.0.2.10.49852 > 192.0.2.123.80: Flags [R], seq 2358684177, win 0, length 0
14:22:09.981403 eth0  In  IP 192.0.2.123.80 > 192.0.2.10.49852: Flags [S.], seq 9693263, ack 2358684178, win 65535, length 0
14:22:09.981404 eth0  Out IP 192.0.2.10.49852 > 192.0.2.123.80: Flags [R], seq 2358684178, win 0, length 0
14:22:09.981406 eth0  In  IP 192.0.2.123.80 > 192.0.2.10.49852: Flags [S.], seq 9693263, ack 2358684179, win 65535, length 0
14:22:09.981408 eth0  Out IP 192.0.2.10.49852 > 192.0.2.123.80: Flags [R], seq 2358684179, win 0, length 0
14:22:09.981713 eth0  In  IP 192.0.2.123.80 > 192.0.2.10.49852: Flags [S.], seq 9693263, ack 2358684180, win 65535, length 0
14:22:09.981715 eth0  Out IP 192.0.2.10.49852 > 192.0.2.123.80: Flags [R], seq 2358684180, win 0, length 0
14:22:09.981717 eth0  In  IP 192.0.2.123.80 > 192.0.2.10.49852: Flags [S.], seq 9693263, ack 2358684181, win 65535, length 0
14:22:09.981718 eth0  Out IP 192.0.2.10.49852 > 192.0.2.123.80: Flags [R], seq 2358684181, win 0, length 0
14:22:09.981720 eth0  In  IP 192.0.2.123.80 > 192.0.2.10.49852: Flags [S.], seq 9693263, ack 2358684182, win 65535, length 0
14:22:09.981721 eth0  Out IP 192.0.2.10.49852 > 192.0.2.123.80: Flags [R], seq 2358684182, win 0, length 0
14:22:09.981724 eth0  In  IP 192.0.2.123.80 > 192.0.2.10.49852: Flags [S.], seq 9693263, ack 2358684183, win 65535, length 0
14:22:09.981725 eth0  Out IP 192.0.2.10.49852 > 192.0.2.123.80: Flags [R], seq 2358684183, win 0, length 0
14:22:09.981727 eth0  In  IP 192.0.2.123.80 > 192.0.2.10.49852: Flags [S.], seq 9693263, ack 2358684184, win 65535, length 0
14:22:09.981728 eth0  Out IP 192.0.2.10.49852 > 192.0.2.123.80: Flags [R], seq 2358684184, win 0, length 0
14:22:09.981730 eth0  In  IP 192.0.2.123.80 > 192.0.2.10.49852: Flags [S.], seq 9693263, ack 2358684185, win 65535, length 0
14:22:09.981731 eth0  Out IP 192.0.2.10.49852 > 192.0.2.123.80: Flags [R], seq 2358684185, win 0, length 0
14:22:09.981733 eth0  In  IP 192.0.2.123.80 > 192.0.2.10.49852: Flags [S.], seq 9693263, ack 2358684186, win 65535, length 0
14:22:09.981735 eth0  Out IP 192.0.2.10.49852 > 192.0.2.123.80: Flags [R], seq 2358684186, win 0, length 0
14:22:09.981737 eth0  In  IP 192.0.2.123.80 > 192.0.2.10.49852: Flags [S.], seq 9693263, ack 2358684187, win 65535, length 0
14:22:09.981738 eth0  Out IP 192.0.2.10.49852 > 192.0.2.123.80: Flags [R], seq 2358684187, win 0, length 0
14:22:09.981740 eth0  In  IP 192.0.2.123.80 > 192.0.2.10.49852: Flags [S.], seq 9693263, ack 2358684188, win 65535, length 0
14:22:09.981741 eth0  Out IP 192.0.2.10.49852 > 192.0.2.123.80: Flags [R], seq 2358684188, win 0, length 0
14:22:09.981743 eth0  In  IP 192.0.2.123.80 > 192.0.2.10.49852: Flags [S.], seq 9693263, ack 2358684189, win 65535, length 0
14:22:09.981745 eth0  Out IP 192.0.2.10.49852 > 192.0.2.123.80: Flags [R], seq 2358684189, win 0, length 0
14:22:09.981747 eth0  In  IP 192.0.2.123.80 > 192.0.2.10.49852: Flags [S.], seq 9693263, ack 2358684190, win 65535, length 0
14:22:09.981748 eth0  Out IP 192.0.2.10.49852 > 192.0.2.123.80: Flags [R], seq 2358684190, win 0, length 0
14:22:09.981751 eth0  In  IP 192.0.2.123.80 > 192.0.2.10.49852: Flags [S.], seq 9693263, ack 2358684191, win 65535, length 0
14:22:09.981752 eth0  Out IP 192.0.2.10.49852 > 192.0.2.123.80: Flags [R], seq 2358684191, win 0, length 0
14:22:09.981754 eth0  In  IP 192.0.2.123.80 > 192.0.2.10.49852: Flags [S.], seq 9693263, ack 2358684192, win 65535, length 0
14:22:09.981755 eth0  Out IP 192.0.2.10.49852 > 192.0.2.123.80: Flags [R], seq 2358684192, win 0, length 0
14:22:09.981757 eth0  In  IP 192.0.2.123.80 > 192.0.2.10.49852: Flags [S.], seq 9693263, ack 2358684193, win 65535, length 0
14:22:09.981758 eth0  Out IP 192.0.2.10.49852 > 192.0.2.123.80: Flags [R], seq 2358684193, win 0, length 0
14:22:09.981760 eth0  In  IP 192.0.2.123.80 > 192.0.2.10.49852: Flags [S.], seq 9693263, ack 2358684194, win 65535, length 0
14:22:09.981762 eth0  Out IP 192.0.2.10.49852 > 192.0.2.123.80: Flags [R], seq 2358684194, win 0, length 0
14:22:09.981764 eth0  In  IP 192.0.2.123.80 > 192.0.2.10.49852: Flags [S.], seq 9693263, ack 2358684195, win 65535, length 0
14:22:09.981765 eth0  Out IP 192.0.2.10.49852 > 192.0.2.123.80: Flags [R], seq 2358684195, win 0, length 0
14:22:09.981767 eth0  In  IP 192.0.2.123.80 > 192.0.2.10.49852: Flags [S.], seq 9693263, ack 2358684196, win 65535, length 0
14:22:09.981768 eth0  Out IP 192.0.2.10.49852 > 192.0.2.123.80: Flags [R], seq 2358684196, win 0, length 0
14:22:09.981770 eth0  In  IP 192.0.2.123.80 > 192.0.2.10.49852: Flags [S.], seq 9693263, ack 2358684197, win 65535, length 0
14:22:09.981771 eth0  Out IP 192.0.2.10.49852 > 192.0.2.123.80: Flags [R], seq 2358684197, win 0, length 0
14:22:09.981774 eth0  In  IP 192.0.2.123.80 > 192.0.2.10.49852: Flags [S.], seq 9693263, ack 2358684198, win 65535, length 0
14:22:09.981775 eth0  Out IP 192.0.2.10.49852 > 192.0.2.123.80: Flags [R], seq 2358684198, win 0, length 0
14:22:09.981777 eth0  In  IP 192.0.2.123.80 > 192.0.2.10.49852: Flags [S.], seq 9693263, ack 2358684199, win 65535, length 0
14:22:09.981778 eth0  Out IP 192.0.2.10.49852 > 192.0.2.123.80: Flags [R], seq 2358684199, win 0, length 0
14:22:09.981780 eth0  In  IP 192.0.2.123.80 > 192.0.2.10.49852: Flags [S.], seq 9693263, ack 2358684200, win 65535, length 0
14:22:09.981781 eth0  Out IP 192.0.2.10.49852 > 192.0.2.123.80: Flags [R], seq 2358684200, win 0, length 0
14:22:09.981784 eth0  In  IP 192.0.2.123.80 > 192.0.2.10.49852: Flags [S.], seq 9693263, ack 2358684201, win 65535, length 0
14:22:09.981785 eth0  Out IP 192.0.2.10.49852 > 192.0.2.123.80: Flags [R], seq 2358684201, win 0, length 0
14:22:09.981787 eth0  In  IP 192.0.2.123.80 > 192.0.2.10.49852: Flags [S.], seq 9693263, ack 2358684202, win 65535, length 0
14:22:09.981788 eth0  Out IP 192.0.2.10.49852 > 192.0.2.123.80: Flags [R], seq 2358684202, win 0, length 0
14:22:09.981790 eth0  In  IP 192.0.2.123.80 > 192.0.2.10.49852: Flags [S.], seq 9693263, ack 2358684203, win 65535, length 0
14:22:09.981791 eth0  Out IP 192.0.2.10.49852 > 192.0.2.123.80: Flags [R], seq 2358684203, win 0, length 0
14:22:09.981793 eth0  In  IP 192.0.2.123.80 > 192.0.2.10.49852: Flags [S.], seq 9693263, ack 2358684204, win 65535, length 0
14:22:09.981794 eth0  Out IP 192.0.2.10.49852 > 192.0.2.123.80: Flags [R], seq 2358684204, win 0, length 0
14:22:09.981797 eth0  In  IP 192.0.2.123.80 > 192.0.2.10.49852: Flags [S.], seq 9693263, ack 2358684205, win 65535, length 0
14:22:09.981798 eth0  Out IP 192.0.2.10.49852 > 192.0.2.123.80: Flags [R], seq 2358684205, win 0, length 0
14:22:09.981800 eth0  In  IP 192.0.2.123.80 > 192.0.2.10.49852: Flags [S.], seq 9693263, ack 2358684206, win 65535, length 0
14:22:09.981801 eth0  Out IP 192.0.2.10.49852 > 192.0.2.123.80: Flags [R], seq 2358684206, win 0, length 0
14:22:09.981803 eth0  In  IP 192.0.2.123.80 > 192.0.2.10.49852: Flags [S.], seq 9693263, ack 2358684207, win 65535, length 0
14:22:09.981804 eth0  Out IP 192.0.2.10.49852 > 192.0.2.123.80: Flags [R], seq 2358684207, win 0, length 0
14:22:09.981806 eth0  In  IP 192.0.2.123.80 > 192.0.2.10.49852: Flags [S.], seq 9693263, ack 2358684208, win 65535, length 0
14:22:09.981808 eth0  Out IP 192.0.2.10.49852 > 192.0.2.123.80: Flags [R], seq 2358684208, win 0, length 0
14:22:09.981810 eth0  In  IP 192.0.2.123.80 > 192.0.2.10.49852: Flags [S.], seq 9693263, ack 2358684209, win 65535, length 0
14:22:09.981811 eth0  Out IP 192.0.2.10.49852 > 192.0.2.123.80: Flags [R], seq 2358684209, win 0, length 0
14:22:09.981813 eth0  In  IP 192.0.2.123.80 > 192.0.2.10.49852: Flags [S.], seq 9693263, ack 2358684210, win 65535, length 0
14:22:09.981814 eth0  Out IP 192.0.2.10.49852 > 192.0.2.123.80: Flags [R], seq 2358684210, win 0, length 0
14:22:09.981816 eth0  In  IP 192.0.2.123.80 > 192.0.2.10.49852: Flags [S.], seq 9693263, ack 2358684211, win 65535, length 0
14:22:09.981817 eth0  Out IP 192.0.2.10.49852 > 192.0.2.123.80: Flags [R], seq 2358684211, win 0, length 0
14:22:09.982122 eth0  In  IP 192.0.2.123.80 > 192.0.2.10.49852: Flags [S.], seq 9693263, ack 2358684212, win 65535, length 0
14:22:09.982124 eth0  Out IP 192.0.2.10.49852 > 192.0.2.123.80: Flags [R], seq 2358684212, win 0, length 0
14:22:09.982126 eth0  In  IP 192.0.2.123.80 > 192.0.2.10.49852: Flags [S.], seq 9693263, ack 2358684213, win 65535, length 0
14:22:09.982127 eth0  Out IP 192.0.2.10.49852 > 192.0.2.123.80: Flags [R], seq 2358684213, win 0, length 0
14:22:09.982129 eth0  In  IP 192.0.2.123.80 > 192.0.2.10.49852: Flags [S.], seq 9693263, ack 2358684214, win 65535, length 0
14:22:09.982130 eth0  Out IP 192.0.2.10.49852 > 192.0.2.123.80: Flags [R], seq 2358684214, win 0, length 0
14:22:09.982133 eth0  In  IP 192.0.2.123.80 > 192.0.2.10.49852: Flags [S.], seq 9693263, ack 2358684215, win 65535, length 0
14:22:09.982134 eth0  Out IP 192.0.2.10.49852 > 192.0.2.123.80: Flags [R], seq 2358684215, win 0, length 0
14:22:09.982136 eth0  In  IP 192.0.2.123.80 > 192.0.2.10.49852: Flags [S.], seq 9693263, ack 2358684216, win 65535, length 0
14:22:09.982137 eth0  Out IP 192.0.2.10.49852 > 192.0.2.123.80: Flags [R], seq 2358684216, win 0, length 0
14:22:09.982139 eth0  In  IP 192.0.2.123.80 > 192.0.2.10.49852: Flags [S.], seq 9693263, ack 2358684217, win 65535, length 0
14:22:09.982140 eth0  Out IP 192.0.2.10.49852 > 192.0.2.123.80: Flags [R], seq 2358684217, win 0, length 0
14:22:09.982143 eth0  In  IP 192.0.2.123.80 > 192.0.2.10.49852: Flags [S.], seq 9693263, ack 2358684218, win 65535, length 0
14:22:09.982144 eth0  Out IP 192.0.2.10.49852 > 192.0.2.123.80: Flags [R], seq 2358684218, win 0, length 0
14:22:09.982146 eth0  In  IP 192.0.2.123.80 > 192.0.2.10.49852: Flags [S.], seq 9693263, ack 2358684219, win 65535, length 0
14:22:09.982147 eth0  Out IP 192.0.2.10.49852 > 192.0.2.123.80: Flags [R], seq 2358684219, win 0, length 0
14:22:09.982149 eth0  In  IP 192.0.2.123.80 > 192.0.2.10.49852: Flags [S.], seq 9693263, ack 2358684220, win 65535, length 0
14:22:09.982150 eth0  Out IP 192.0.2.10.49852 > 192.0.2.123.80: Flags [R], seq 2358684220, win 0, length 0
14:22:09.982152 eth0  In  IP 192.0.2.123.80 > 192.0.2.10.49852: Flags [S.], seq 9693263, ack 2358684221, win 65535, length 0
14:22:09.982154 eth0  Out IP 192.0.2.10.49852 > 192.0.2.123.80: Flags [R], seq 2358684221, win 0, length 0
14:22:09.982156 eth0  In  IP 192.0.2.123.80 > 192.0.2.10.49852: Flags [S.], seq 9693263, ack 2358684222, win 65535, length 0
14:22:09.982157 eth0  Out IP 192.0.2.10.49852 > 192.0.2.123.80: Flags [R], seq 2358684222, win 0, length 0
14:22:09.982159 eth0  In  IP 192.0.2.123.80 > 192.0.2.10.49852: Flags [S.], seq 9693263, ack 2358684223, win 65535, length 0
14:22:09.982160 eth0  Out IP 192.0.2.10.49852 > 192.0.2.123.80: Flags [R], seq 2358684223, win 0, length 0
14:22:09.982162 eth0  In  IP 192.0.2.123.80 > 192.0.2.10.49852: Flags [S.], seq 9693263, ack 2358684224, win 65535, length 0
14:22:09.982163 eth0  Out IP 192.0.2.10.49852 > 192.0.2.123.80: Flags [R], seq 2358684224, win 0, length 0
14:22:09.982165 eth0  In  IP 192.0.2.123.80 > 192.0.2.10.49852: Flags [S.], seq 9693263, ack 2358684225, win 65535, length 0
14:22:09.982167 eth0  Out IP 192.0.2.10.49852 > 192.0.2.123.80: Flags [R], seq 2358684225, win 0, length 0
14:22:09.982169 eth0  In  IP 192.0.2.123.80 > 192.0.2.10.49852: Flags [S.], seq 9693263, ack 2358684226, win 65535, length 0
14:22:09.982170 eth0  Out IP 192.0.2.10.49852 > 192.0.2.123.80: Flags [R], seq 2358684226, win 0, length 0
14:22:09.982172 eth0  In  IP 192.0.2.123.80 > 192.0.2.10.49852: Flags [S.], seq 9693263, ack 2358684227, win 65535, length 0
14:22:09.982173 eth0  Out IP 192.0.2.10.49852 > 192.0.2.123.80: Flags [R], seq 2358684227, win 0, length 0
14:22:09.982176 eth0  In  IP 192.0.2.123.80 > 192.0.2.10.49852: Flags [S.], seq 9693263, ack 2358684228, win 65535, length 0
14:22:09.982177 eth0  Out IP 192.0.2.10.49852 > 192.0.2.123.80: Flags [R], seq 2358684228, win 0, length 0
14:22:09.982179 eth0  In  IP 192.0.2.123.80 > 192.0.2.10.49852: Flags [S.], seq 9693263, ack 2358684229, win 65535, length 0
14:22:09.982180 eth0  Out IP 192.0.2.10.49852 > 192.0.2.123.80: Flags [R], seq 2358684229, win 0, length 0
14:22:09.982182 eth0  In  IP 192.0.2.123.80 > 192.0.2.10.49852: Flags [S.], seq 9693263, ack 2358684230, win 65535, length 0
14:22:09.982183 eth0  Out IP 192.0.2.10.49852 > 192.0.2.123.80: Flags [R], seq 2358684230, win 0, length 0
14:22:09.982185 eth0  In  IP 192.0.2.123.80 > 192.0.2.10.49852: Flags [S.], seq 9693263, ack 2358684231, win 65535, length 0
14:22:09.982187 eth0  Out IP 192.0.2.10.49852 > 192.0.2.123.80: Flags [R], seq 2358684231, win 0, length 0
14:22:09.982189 eth0  In  IP 192.0.2.123.80 > 192.0.2.10.49852: Flags [S.], seq 9693263, ack 2358684232, win 65535, length 0
14:22:09.982190 eth0  Out IP 192.0.2.10.49852 > 192.0.2.123.80: Flags [R], seq 2358684232, win 0, length 0
14:22:09.982193 eth0  In  IP 192.0.2.123.80 > 192.0.2.10.49852: Flags [S.], seq 9693263, ack 2358684233, win 65535, length 0
14:22:09.982194 eth0  Out IP 192.0.2.10.49852 > 192.0.2.123.80: Flags [R], seq 2358684233, win 0, length 0
14:22:09.982196 eth0  In  IP 192.0.2.123.80 > 192.0.2.10.49852: Flags [S.], seq 9693263, ack 2358684234, win 65535, length 0
14:22:09.982197 eth0  Out IP 192.0.2.10.49852 > 192.0.2.123.80: Flags [R], seq 2358684234, win 0, length 0
14:22:09.982199 eth0  In  IP 192.0.2.123.80 > 192.0.2.10.49852: Flags [S.], seq 9693263, ack 2358684235, win 65535, length 0
14:22:09.982200 eth0  Out IP 192.0.2.10.49852 > 192.0.2.123.80: Flags [R], seq 2358684235, win 0, length 0
14:22:09.982202 eth0  In  IP 192.0.2.123.80 > 192.0.2.10.49852: Flags [S.], seq 9693263, ack 2358684236, win 65535, length 0
14:22:09.982204 eth0  Out IP 192.0.2.10.49852 > 192.0.2.123.80: Flags [R], seq 2358684236, win 0, length 0
14:22:09.982206 eth0  In  IP 192.0.2.123.80 > 192.0.2.10.49852: Flags [S.], seq 9693263, ack 2358684237, win 65535, length 0
14:22:09.982207 eth0  Out IP 192.0.2.10.49852 > 192.0.2.123.80: Flags [R], seq 2358684237, win 0, length 0
14:22:09.982209 eth0  In  IP 192.0.2.123.80 > 192.0.2.10.49852: Flags [S.], seq 9693263, ack 2358684238, win 65535, length 0
14:22:09.982210 eth0  Out IP 192.0.2.10.49852 > 192.0.2.123.80: Flags [R], seq 2358684238, win 0, length 0
14:22:09.982212 eth0  In  IP 192.0.2.123.80 > 192.0.2.10.49852: Flags [S.], seq 9693263, ack 2358684239, win 65535, length 0
14:22:09.982213 eth0  Out IP 192.0.2.10.49852 > 192.0.2.123.80: Flags [R], seq 2358684239, win 0, length 0
14:22:09.982216 eth0  In  IP 192.0.2.123.80 > 192.0.2.10.49852: Flags [S.], seq 9693263, ack 2358684240, win 65535, length 0
14:22:09.982217 eth0  Out IP 192.0.2.10.49852 > 192.0.2.123.80: Flags [R], seq 2358684240, win 0, length 0
14:22:09.982219 eth0  In  IP 192.0.2.123.80 > 192.0.2.10.49852: Flags [S.], seq 9693263, ack 2358684241, win 65535, length 0
14:22:09.982220 eth0  Out IP 192.0.2.10.49852 > 192.0.2.123.80: Flags [R], seq 2358684241, win 0, length 0
14:22:09.982222 eth0  In  IP 192.0.2.123.80 > 192.0.2.10.49852: Flags [S.], seq 9693263, ack 2358684242, win 65535, length 0
14:22:09.982223 eth0  Out IP 192.0.2.10.49852 > 192.0.2.123.80: Flags [R], seq 2358684242, win 0, length 0
14:22:09.982226 eth0  In  IP 192.0.2.123.80 > 192.0.2.10.49852: Flags [S.], seq 9693263, ack 2358684243, win 65535, length 0
14:22:09.982227 eth0  Out IP 192.0.2.10.49852 > 192.0.2.123.80: Flags [R], seq 2358684243, win 0, length 0
14:22:09.982532 eth0  In  IP 192.0.2.123.80 > 192.0.2.10.49852: Flags [S.], seq 9693263, ack 2358684244, win 65535, length 0
14:22:09.982533 eth0  Out IP 192.0.2.10.49852 > 192.0.2.123.80: Flags [R], seq 2358684244, win 0, length 0
14:22:09.982535 eth0  In  IP 192.0.2.123.80 > 192.0.2.10.49852: Flags [S.], seq 9693263, ack 2358684245, win 65535, length 0
14:22:09.982536 eth0  Out IP 192.0.2.10.49852 > 192.0.2.123.80: Flags [R], seq 2358684245, win 0, length 0
14:22:09.982538 eth0  In  IP 192.0.2.123.80 > 192.0.2.10.49852: Flags [S.], seq 9693263, ack 2358684246, win 65535, length 0
14:22:09.982540 eth0  Out IP 192.0.2.10.49852 > 192.0.2.123.80: Flags [R], seq 2358684246, win 0, length 0
14:22:09.982542 eth0  In  IP 192.0.2.123.80 > 192.0.2.10.49852: Flags [S.], seq 9693263, ack 2358684247, win 65535, length 0
14:22:09.982543 eth0  Out IP 192.0.2.10.49852 > 192.0.2.123.80: Flags [R], seq 2358684247, win 0, length 0
14:22:09.982545 eth0  In  IP 192.0.2.123.80 > 192.0.2.10.49852: Flags [S.], seq 9693263, ack 2358684248, win 65535, length 0
14:22:09.982546 eth0  Out IP 192.0.2.10.49852 > 192.0.2.123.80: Flags [R], seq 2358684248, win 0, length 0
14:22:09.982548 eth0  In  IP 192.0.2.123.80 > 192.0.2.10.49852: Flags [S.], seq 9693263, ack 2358684249, win 65535, length 0
14:22:09.982549 eth0  Out IP 192.0.2.10.49852 > 192.0.2.123.80: Flags [R], seq 2358684249, win 0, length 0
14:22:09.982552 eth0  In  IP 192.0.2.123.80 > 192.0.2.10.49852: Flags [S.], seq 9693263, ack 2358684250, win 65535, length 0
14:22:09.982553 eth0  Out IP 192.0.2.10.49852 > 192.0.2.123.80: Flags [R], seq 2358684250, win 0, length 0
14:22:09.982555 eth0  In  IP 192.0.2.123.80 > 192.0.2.10.49852: Flags [S.], seq 9693263, ack 2358684251, win 65535, length 0
14:22:09.982556 eth0  Out IP 192.0.2.10.49852 > 192.0.2.123.80: Flags [R], seq 2358684251, win 0, length 0
14:22:09.982558 eth0  In  IP 192.0.2.123.80 > 192.0.2.10.49852: Flags [S.], seq 9693263, ack 2358684252, win 65535, length 0
14:22:09.982559 eth0  Out IP 192.0.2.10.49852 > 192.0.2.123.80: Flags [R], seq 2358684252, win 0, length 0
14:22:09.982562 eth0  In  IP 192.0.2.123.80 > 192.0.2.10.49852: Flags [S.], seq 9693263, ack 2358684253, win 65535, length 0
14:22:09.982563 eth0  Out IP 192.0.2.10.49852 > 192.0.2.123.80: Flags [R], seq 2358684253, win 0, length 0
14:22:09.982565 eth0  In  IP 192.0.2.123.80 > 192.0.2.10.49852: Flags [S.], seq 9693263, ack 2358684254, win 65535, length 0
14:22:09.982566 eth0  Out IP 192.0.2.10.49852 > 192.0.2.123.80: Flags [R], seq 2358684254, win 0, length 0
14:22:09.982568 eth0  In  IP 192.0.2.123.80 > 192.0.2.10.49852: Flags [S.], seq 9693263, ack 2358684255, win 65535, length 0
14:22:09.982569 eth0  Out IP 192.0.2.10.49852 > 192.0.2.123.80: Flags [R], seq 2358684255, win 0, length 0
14:22:09.982571 eth0  In  IP 192.0.2.123.80 > 192.0.2.10.49852: Flags [S.], seq 9693263, ack 2358684256, win 65535, length 0
14:22:09.982573 eth0  Out IP 192.0.2.10.49852 > 192.0.2.123.80: Flags [R], seq 2358684256, win 0, length 0
14:22:09.982575 eth0  In  IP 192.0.2.123.80 > 192.0.2.10.49852: Flags [S.], seq 9693263, ack 2358684257, win 65535, length 0
14:22:09.982576 eth0  Out IP 192.0.2.10.49852 > 192.0.2.123.80: Flags [R], seq 2358684257, win 0, length 0
14:22:09.982578 eth0  In  IP 192.0.2.123.80 > 192.0.2.10.49852: Flags [S.], seq 9693263, ack 2358684258, win 65535, length 0
14:22:09.982579 eth0  Out IP 192.0.2.10.49852 > 192.0.2.123.80: Flags [R], seq 2358684258, win 0, length 0
14:22:09.982581 eth0  In  IP 192.0.2.123.80 > 192.0.2.10.49852: Flags [S.], seq 9693263, ack 2358684259, win 65535, length 0
14:22:09.982582 eth0  Out IP 192.0.2.10.49852 > 192.0.2.123.80: Flags [R], seq 2358684259, win 0, length 0
14:22:09.982585 eth0  In  IP 192.0.2.123.80 > 192.0.2.10.49852: Flags [S.], seq 9693263, ack 2358684260, win 65535, length 0
14:22:09.982586 eth0  Out IP 192.0.2.10.49852 > 192.0.2.123.80: Flags [R], seq 2358684260, win 0, length 0
14:22:09.982588 eth0  In  IP 192.0.2.123.80 > 192.0.2.10.49852: Flags [S.], seq 9693263, ack 2358684261, win 65535, length 0
14:22:09.982589 eth0  Out IP 192.0.2.10.49852 > 192.0.2.123.80: Flags [R], seq 2358684261, win 0, length 0
14:22:09.982591 eth0  In  IP 192.0.2.123.80 > 192.0.2.10.49852: Flags [S.], seq 9693263, ack 2358684262, win 65535, length 0
14:22:09.982592 eth0  Out IP 192.0.2.10.49852 > 192.0.2.123.80: Flags [R], seq 2358684262, win 0, length 0
14:22:09.982595 eth0  In  IP 192.0.2.123.80 > 192.0.2.10.49852: Flags [S.], seq 9693263, ack 2358684263, win 65535, length 0
14:22:09.982596 eth0  Out IP 192.0.2.10.49852 > 192.0.2.123.80: Flags [R], seq 2358684263, win 0, length 0
14:22:09.982598 eth0  In  IP 192.0.2.123.80 > 192.0.2.10.49852: Flags [S.], seq 9693263, ack 2358684264, win 65535, length 0
14:22:09.982599 eth0  Out IP 192.0.2.10.49852 > 192.0.2.123.80: Flags [R], seq 2358684264, win 0, length 0
14:22:09.982601 eth0  In  IP 192.0.2.123.80 > 192.0.2.10.49852: Flags [S.], seq 9693263, ack 2358684265, win 65535, length 0
14:22:09.982602 eth0  Out IP 192.0.2.10.49852 > 192.0.2.123.80: Flags [R], seq 2358684265, win 0, length 0
14:22:09.982604 eth0  In  IP 192.0.2.123.80 > 192.0.2.10.49852: Flags [S.], seq 9693263, ack 2358684266, win 65535, length 0
14:22:09.982606 eth0  Out IP 192.0.2.10.49852 > 192.0.2.123.80: Flags [R], seq 2358684266, win 0, length 0
14:22:09.982608 eth0  In  IP 192.0.2.123.80 > 192.0.2.10.49852: Flags [S.], seq 9693263, ack 2358684267, win 65535, length 0
14:22:09.982609 eth0  Out IP 192.0.2.10.49852 > 192.0.2.123.80: Flags [R], seq 2358684267, win 0, length 0
14:22:09.982611 eth0  In  IP 192.0.2.123.80 > 192.0.2.10.49852: Flags [S.], seq 9693263, ack 2358684268, win 65535, length 0
14:22:09.982612 eth0  Out IP 192.0.2.10.49852 > 192.0.2.123.80: Flags [R], seq 2358684268, win 0, length 0
14:22:09.982614 eth0  In  IP 192.0.2.123.80 > 192.0.2.10.49852: Flags [S.], seq 9693263, ack 2358684269, win 65535, length 0
14:22:09.982615 eth0  Out IP 192.0.2.10.49852 > 192.0.2.123.80: Flags [R], seq 2358684269, win 0, length 0
14:22:09.982618 eth0  In  IP 192.0.2.123.80 > 192.0.2.10.49852: Flags [S.], seq 9693263, ack 2358684270, win 65535, length 0
14:22:09.982619 eth0  Out IP 192.0.2.10.49852 > 192.0.2.123.80: Flags [R], seq 2358684270, win 0, length 0
14:22:09.982621 eth0  In  IP 192.0.2.123.80 > 192.0.2.10.49852: Flags [S.], seq 9693263, ack 2358684271, win 65535, length 0
14:22:09.982622 eth0  Out IP 192.0.2.10.49852 > 192.0.2.123.80: Flags [R], seq 2358684271, win 0, length 0
14:22:09.982624 eth0  In  IP 192.0.2.123.80 > 192.0.2.10.49852: Flags [S.], seq 9693263, ack 2358684272, win 65535, length 0
14:22:09.982634 eth0  Out IP 192.0.2.10.49852 > 192.0.2.123.80: Flags [.], ack 1, win 64240, length 0
14:22:09.982641 eth0  In  IP 192.0.2.123.80 > 192.0.2.10.49852: Flags [S.], seq 9693263, ack 2358684273, win 65535, length 0
14:22:09.982643 eth0  Out IP 192.0.2.10.49852 > 192.0.2.123.80: Flags [.], ack 1, win 64240, length 0
14:22:09.982647 eth0  In  IP 192.0.2.123.80 > 192.0.2.10.49852: Flags [S.], seq 9693263, ack 2358684274, win 65535, length 0
14:22:09.982649 eth0  In  IP 192.0.2.123.80 > 192.0.2.10.49852: Flags [S.], seq 9693263, ack 2358684275, win 65535, length 0
14:22:09.982706 eth0  Out IP 192.0.2.10.49852 > 192.0.2.123.80: Flags [P.], seq 4294967294:54, ack 1, win 64240, length 56: HTTP: GET / HTTP/1.1
14:22:09.982954 eth0  In  IP 192.0.2.123.80 > 192.0.2.10.49852: Flags [S.], seq 9693263, ack 2358684276, win 65535, length 0
14:22:09.982955 eth0  In  IP 192.0.2.123.80 > 192.0.2.10.49852: Flags [S.], seq 9693263, ack 2358684277, win 65535, length 0
14:22:09.982957 eth0  In  IP 192.0.2.123.80 > 192.0.2.10.49852: Flags [S.], seq 9693263, ack 2358684278, win 65535, length 0
14:22:09.982959 eth0  In  IP 192.0.2.123.80 > 192.0.2.10.49852: Flags [S.], seq 9693263, ack 2358684279, win 65535, length 0
14:22:09.982960 eth0  In  IP 192.0.2.123.80 > 192.0.2.10.49852: Flags [S.], seq 9693263, ack 2358684280, win 65535, length 0
14:22:09.982962 eth0  In  IP 192.0.2.123.80 > 192.0.2.10.49852: Flags [S.], seq 9693263, ack 2358684281, win 65535, length 0
14:22:09.982964 eth0  In  IP 192.0.2.123.80 > 192.0.2.10.49852: Flags [S.], seq 9693263, ack 2358684282, win 65535, length 0
14:22:09.982965 eth0  In  IP 192.0.2.123.80 > 192.0.2.10.49852: Flags [S.], seq 9693263, ack 2358684283, win 65535, length 0
14:22:09.982967 eth0  In  IP 192.0.2.123.80 > 192.0.2.10.49852: Flags [S.], seq 9693263, ack 2358684284, win 65535, length 0
14:22:09.982968 eth0  In  IP 192.0.2.123.80 > 192.0.2.10.49852: Flags [S.], seq 9693263, ack 2358684285, win 65535, length 0
14:22:09.982970 eth0  In  IP 192.0.2.123.80 > 192.0.2.10.49852: Flags [S.], seq 9693263, ack 2358684286, win 65535, length 0
14:22:09.982972 eth0  In  IP 192.0.2.123.80 > 192.0.2.10.49852: Flags [S.], seq 9693263, ack 2358684287, win 65535, length 0
14:22:09.982973 eth0  In  IP 192.0.2.123.80 > 192.0.2.10.49852: Flags [S.], seq 9693263, ack 2358684288, win 65535, length 0
14:22:09.982975 eth0  In  IP 192.0.2.123.80 > 192.0.2.10.49852: Flags [S.], seq 9693263, ack 2358684289, win 65535, length 0
14:22:09.982977 eth0  In  IP 192.0.2.123.80 > 192.0.2.10.49852: Flags [S.], seq 9693263, ack 2358684290, win 65535, length 0
14:22:09.982978 eth0  In  IP 192.0.2.123.80 > 192.0.2.10.49852: Flags [S.], seq 9693263, ack 2358684291, win 65535, length 0
14:22:09.982980 eth0  In  IP 192.0.2.123.80 > 192.0.2.10.49852: Flags [S.], seq 9693263, ack 2358684292, win 65535, length 0
14:22:09.982981 eth0  In  IP 192.0.2.123.80 > 192.0.2.10.49852: Flags [S.], seq 9693263, ack 2358684293, win 65535, length 0
14:22:09.982983 eth0  In  IP 192.0.2.123.80 > 192.0.2.10.49852: Flags [S.], seq 9693263, ack 2358684294, win 65535, length 0
14:22:09.982985 eth0  In  IP 192.0.2.123.80 > 192.0.2.10.49852: Flags [S.], seq 9693263, ack 2358684295, win 65535, length 0
14:22:09.982986 eth0  In  IP 192.0.2.123.80 > 192.0.2.10.49852: Flags [S.], seq 9693263, ack 2358684296, win 65535, length 0
14:22:09.982988 eth0  In  IP 192.0.2.123.80 > 192.0.2.10.49852: Flags [S.], seq 9693263, ack 2358684297, win 65535, length 0
14:22:09.982990 eth0  In  IP 192.0.2.123.80 > 192.0.2.10.49852: Flags [S.], seq 9693263, ack 2358684298, win 65535, length 0
14:22:09.982991 eth0  In  IP 192.0.2.123.80 > 192.0.2.10.49852: Flags [S.], seq 9693263, ack 2358684299, win 65535, length 0
14:22:09.982993 eth0  In  IP 192.0.2.123.80 > 192.0.2.10.49852: Flags [S.], seq 9693263, ack 2358684300, win 65535, length 0
14:22:09.982994 eth0  In  IP 192.0.2.123.80 > 192.0.2.10.49852: Flags [S.], seq 9693263, ack 2358684301, win 65535, length 0
14:22:09.982996 eth0  In  IP 192.0.2.123.80 > 192.0.2.10.49852: Flags [S.], seq 9693263, ack 2358684302, win 65535, length 0
14:22:09.982998 eth0  In  IP 192.0.2.123.80 > 192.0.2.10.49852: Flags [S.], seq 9693263, ack 2358684303, win 65535, length 0
14:22:09.982999 eth0  In  IP 192.0.2.123.80 > 192.0.2.10.49852: Flags [S.], seq 9693263, ack 2358684304, win 65535, length 0
14:22:09.983001 eth0  In  IP 192.0.2.123.80 > 192.0.2.10.49852: Flags [S.], seq 9693263, ack 2358684305, win 65535, length 0
14:22:09.983003 eth0  In  IP 192.0.2.123.80 > 192.0.2.10.49852: Flags [S.], seq 9693263, ack 2358684306, win 65535, length 0
14:22:09.983004 eth0  In  IP 192.0.2.123.80 > 192.0.2.10.49852: Flags [S.], seq 9693263, ack 2358684307, win 65535, length 0
14:22:09.983309 eth0  In  IP 192.0.2.123.80 > 192.0.2.10.49852: Flags [S.], seq 9693263, ack 2358684308, win 65535, length 0
14:22:09.983310 eth0  In  IP 192.0.2.123.80 > 192.0.2.10.49852: Flags [S.], seq 9693263, ack 2358684309, win 65535, length 0
14:22:09.983312 eth0  In  IP 192.0.2.123.80 > 192.0.2.10.49852: Flags [S.], seq 9693263, ack 2358684310, win 65535, length 0
14:22:09.983314 eth0  In  IP 192.0.2.123.80 > 192.0.2.10.49852: Flags [S.], seq 9693263, ack 2358684311, win 65535, length 0
14:22:09.983315 eth0  In  IP 192.0.2.123.80 > 192.0.2.10.49852: Flags [S.], seq 9693263, ack 2358684312, win 65535, length 0
14:22:09.983317 eth0  In  IP 192.0.2.123.80 > 192.0.2.10.49852: Flags [S.], seq 9693263, ack 2358684313, win 65535, length 0
14:22:09.983319 eth0  In  IP 192.0.2.123.80 > 192.0.2.10.49852: Flags [S.], seq 9693263, ack 2358684314, win 65535, length 0
14:22:09.983320 eth0  In  IP 192.0.2.123.80 > 192.0.2.10.49852: Flags [S.], seq 9693263, ack 2358684315, win 65535, length 0
14:22:09.983322 eth0  In  IP 192.0.2.123.80 > 192.0.2.10.49852: Flags [S.], seq 9693263, ack 2358684316, win 65535, length 0
14:22:09.983324 eth0  In  IP 192.0.2.123.80 > 192.0.2.10.49852: Flags [S.], seq 9693263, ack 2358684317, win 65535, length 0
14:22:09.983325 eth0  In  IP 192.0.2.123.80 > 192.0.2.10.49852: Flags [S.], seq 9693263, ack 2358684318, win 65535, length 0
14:22:09.983327 eth0  In  IP 192.0.2.123.80 > 192.0.2.10.49852: Flags [S.], seq 9693263, ack 2358684319, win 65535, length 0
14:22:09.983329 eth0  In  IP 192.0.2.123.80 > 192.0.2.10.49852: Flags [S.], seq 9693263, ack 2358684320, win 65535, length 0
14:22:09.983330 eth0  In  IP 192.0.2.123.80 > 192.0.2.10.49852: Flags [S.], seq 9693263, ack 2358684321, win 65535, length 0
14:22:09.983332 eth0  In  IP 192.0.2.123.80 > 192.0.2.10.49852: Flags [S.], seq 9693263, ack 2358684322, win 65535, length 0
14:22:09.983333 eth0  In  IP 192.0.2.123.80 > 192.0.2.10.49852: Flags [S.], seq 9693263, ack 2358684323, win 65535, length 0
14:22:09.983335 eth0  In  IP 192.0.2.123.80 > 192.0.2.10.49852: Flags [S.], seq 9693263, ack 2358684324, win 65535, length 0
14:22:09.983337 eth0  In  IP 192.0.2.123.80 > 192.0.2.10.49852: Flags [S.], seq 9693263, ack 2358684325, win 65535, length 0
14:22:09.983338 eth0  In  IP 192.0.2.123.80 > 192.0.2.10.49852: Flags [S.], seq 9693263, ack 2358684326, win 65535, length 0
14:22:09.983340 eth0  In  IP 192.0.2.123.80 > 192.0.2.10.49852: Flags [S.], seq 9693263, ack 2358684327, win 65535, length 0
14:22:09.983342 eth0  In  IP 192.0.2.123.80 > 192.0.2.10.49852: Flags [S.], seq 9693263, ack 2358684328, win 65535, length 0
14:22:09.983343 eth0  In  IP 192.0.2.123.80 > 192.0.2.10.49852: Flags [S.], seq 9693263, ack 2358684329, win 65535, length 0
14:22:09.983345 eth0  In  IP 192.0.2.123.80 > 192.0.2.10.49852: Flags [S.], seq 9693263, ack 2358684330, win 65535, length 0
14:22:09.983347 eth0  In  IP 192.0.2.123.80 > 192.0.2.10.49852: Flags [S.], seq 9693263, ack 2358684331, win 65535, length 0
14:22:09.983348 eth0  In  IP 192.0.2.123.80 > 192.0.2.10.49852: Flags [S.], seq 9693263, ack 2358684332, win 65535, length 0
14:22:09.983350 eth0  In  IP 192.0.2.123.80 > 192.0.2.10.49852: Flags [S.], seq 9693263, ack 2358684333, win 65535, length 0
14:22:09.983351 eth0  In  IP 192.0.2.123.80 > 192.0.2.10.49852: Flags [S.], seq 9693263, ack 2358684334, win 65535, length 0
14:22:09.983353 eth0  In  IP 192.0.2.123.80 > 192.0.2.10.49852: Flags [S.], seq 9693263, ack 2358684335, win 65535, length 0
14:22:09.983360 eth0  In  IP 192.0.2.123.80 > 192.0.2.10.49852: Flags [S.], seq 9693263, ack 2358684336, win 65535, length 0
14:22:09.983362 eth0  In  IP 192.0.2.123.80 > 192.0.2.10.49852: Flags [S.], seq 9693263, ack 2358684337, win 65535, length 0
14:22:09.983364 eth0  In  IP 192.0.2.123.80 > 192.0.2.10.49852: Flags [S.], seq 9693263, ack 2358684338, win 65535, length 0
14:22:09.983365 eth0  In  IP 192.0.2.123.80 > 192.0.2.10.49852: Flags [S.], seq 9693263, ack 2358684339, win 65535, length 0
14:22:09.983669 eth0  In  IP 192.0.2.123.80 > 192.0.2.10.49852: Flags [S.], seq 9693263, ack 2358684340, win 65535, length 0
14:22:09.983671 eth0  In  IP 192.0.2.123.80 > 192.0.2.10.49852: Flags [S.], seq 9693263, ack 2358684341, win 65535, length 0
14:22:09.983673 eth0  In  IP 192.0.2.123.80 > 192.0.2.10.49852: Flags [S.], seq 9693263, ack 2358684342, win 65535, length 0
14:22:09.983674 eth0  In  IP 192.0.2.123.80 > 192.0.2.10.49852: Flags [S.], seq 9693263, ack 2358684343, win 65535, length 0
14:22:09.983676 eth0  In  IP 192.0.2.123.80 > 192.0.2.10.49852: Flags [S.], seq 9693263, ack 2358684344, win 65535, length 0
14:22:09.983678 eth0  In  IP 192.0.2.123.80 > 192.0.2.10.49852: Flags [S.], seq 9693263, ack 2358684345, win 65535, length 0
14:22:09.983679 eth0  In  IP 192.0.2.123.80 > 192.0.2.10.49852: Flags [S.], seq 9693263, ack 2358684346, win 65535, length 0
14:22:09.983681 eth0  In  IP 192.0.2.123.80 > 192.0.2.10.49852: Flags [S.], seq 9693263, ack 2358684347, win 65535, length 0
14:22:09.983682 eth0  In  IP 192.0.2.123.80 > 192.0.2.10.49852: Flags [S.], seq 9693263, ack 2358684348, win 65535, length 0
14:22:09.983684 eth0  In  IP 192.0.2.123.80 > 192.0.2.10.49852: Flags [S.], seq 9693263, ack 2358684349, win 65535, length 0
14:22:09.983686 eth0  In  IP 192.0.2.123.80 > 192.0.2.10.49852: Flags [S.], seq 9693263, ack 2358684350, win 65535, length 0
14:22:09.983687 eth0  In  IP 192.0.2.123.80 > 192.0.2.10.49852: Flags [S.], seq 9693263, ack 2358684351, win 65535, length 0
14:22:09.983689 eth0  In  IP 192.0.2.123.80 > 192.0.2.10.49852: Flags [S.], seq 9693263, ack 2358684352, win 65535, length 0
14:22:09.983690 eth0  In  IP 192.0.2.123.80 > 192.0.2.10.49852: Flags [S.], seq 9693263, ack 2358684353, win 65535, length 0
14:22:09.983692 eth0  In  IP 192.0.2.123.80 > 192.0.2.10.49852: Flags [S.], seq 9693263, ack 2358684354, win 65535, length 0
14:22:09.983694 eth0  In  IP 192.0.2.123.80 > 192.0.2.10.49852: Flags [S.], seq 9693263, ack 2358684355, win 65535, length 0
14:22:09.983695 eth0  In  IP 192.0.2.123.80 > 192.0.2.10.49852: Flags [S.], seq 9693263, ack 2358684356, win 65535, length 0
14:22:09.983697 eth0  In  IP 192.0.2.123.80 > 192.0.2.10.49852: Flags [S.], seq 9693263, ack 2358684357, win 65535, length 0
14:22:09.983699 eth0  In  IP 192.0.2.123.80 > 192.0.2.10.49852: Flags [S.], seq 9693263, ack 2358684358, win 65535, length 0
14:22:09.983701 eth0  In  IP 192.0.2.123.80 > 192.0.2.10.49852: Flags [S.], seq 9693263, ack 2358684359, win 65535, length 0
14:22:09.983703 eth0  In  IP 192.0.2.123.80 > 192.0.2.10.49852: Flags [S.], seq 9693263, ack 2358684360, win 65535, length 0
14:22:09.983704 eth0  In  IP 192.0.2.123.80 > 192.0.2.10.49852: Flags [S.], seq 9693263, ack 2358684361, win 65535, length 0
14:22:09.983706 eth0  In  IP 192.0.2.123.80 > 192.0.2.10.49852: Flags [S.], seq 9693263, ack 2358684362, win 65535, length 0
14:22:09.983708 eth0  In  IP 192.0.2.123.80 > 192.0.2.10.49852: Flags [S.], seq 9693263, ack 2358684363, win 65535, length 0
14:22:09.983709 eth0  In  IP 192.0.2.123.80 > 192.0.2.10.49852: Flags [S.], seq 9693263, ack 2358684364, win 65535, length 0
14:22:09.983711 eth0  In  IP 192.0.2.123.80 > 192.0.2.10.49852: Flags [S.], seq 9693263, ack 2358684365, win 65535, length 0
14:22:09.983712 eth0  In  IP 192.0.2.123.80 > 192.0.2.10.49852: Flags [S.], seq 9693263, ack 2358684366, win 65535, length 0
14:22:09.983714 eth0  In  IP 192.0.2.123.80 > 192.0.2.10.49852: Flags [S.], seq 9693263, ack 2358684367, win 65535, length 0
14:22:09.983716 eth0  In  IP 192.0.2.123.80 > 192.0.2.10.49852: Flags [S.], seq 9693263, ack 2358684368, win 65535, length 0
14:22:09.983717 eth0  In  IP 192.0.2.123.80 > 192.0.2.10.49852: Flags [S.], seq 9693263, ack 2358684369, win 65535, length 0
14:22:09.983719 eth0  In  IP 192.0.2.123.80 > 192.0.2.10.49852: Flags [S.], seq 9693263, ack 2358684370, win 65535, length 0
14:22:09.983720 eth0  In  IP 192.0.2.123.80 > 192.0.2.10.49852: Flags [S.], seq 9693263, ack 2358684371, win 65535, length 0
14:22:09.984026 eth0  In  IP 192.0.2.123.80 > 192.0.2.10.49852: Flags [S.], seq 9693263, ack 2358684372, win 65535, length 0
14:22:09.984028 eth0  In  IP 192.0.2.123.80 > 192.0.2.10.49852: Flags [S.], seq 9693263, ack 2358684373, win 65535, length 0
14:22:09.984029 eth0  In  IP 192.0.2.123.80 > 192.0.2.10.49852: Flags [S.], seq 9693263, ack 2358684374, win 65535, length 0
14:22:09.984031 eth0  In  IP 192.0.2.123.80 > 192.0.2.10.49852: Flags [S.], seq 9693263, ack 2358684375, win 65535, length 0
14:22:09.984033 eth0  In  IP 192.0.2.123.80 > 192.0.2.10.49852: Flags [S.], seq 9693263, ack 2358684376, win 65535, length 0
14:22:09.984034 eth0  In  IP 192.0.2.123.80 > 192.0.2.10.49852: Flags [S.], seq 9693263, ack 2358684377, win 65535, length 0
14:22:09.984036 eth0  In  IP 192.0.2.123.80 > 192.0.2.10.49852: Flags [S.], seq 9693263, ack 2358684378, win 65535, length 0
14:22:09.984037 eth0  In  IP 192.0.2.123.80 > 192.0.2.10.49852: Flags [S.], seq 9693263, ack 2358684379, win 65535, length 0
14:22:09.984039 eth0  In  IP 192.0.2.123.80 > 192.0.2.10.49852: Flags [S.], seq 9693263, ack 2358684380, win 65535, length 0
14:22:09.984041 eth0  In  IP 192.0.2.123.80 > 192.0.2.10.49852: Flags [S.], seq 9693263, ack 2358684381, win 65535, length 0
14:22:09.984042 eth0  In  IP 192.0.2.123.80 > 192.0.2.10.49852: Flags [S.], seq 9693263, ack 2358684382, win 65535, length 0
14:22:09.984044 eth0  In  IP 192.0.2.123.80 > 192.0.2.10.49852: Flags [S.], seq 9693263, ack 2358684383, win 65535, length 0
14:22:09.984046 eth0  In  IP 192.0.2.123.80 > 192.0.2.10.49852: Flags [S.], seq 9693263, ack 2358684384, win 65535, length 0
14:22:09.984047 eth0  In  IP 192.0.2.123.80 > 192.0.2.10.49852: Flags [S.], seq 9693263, ack 2358684385, win 65535, length 0
14:22:09.984049 eth0  In  IP 192.0.2.123.80 > 192.0.2.10.49852: Flags [S.], seq 9693263, ack 2358684386, win 65535, length 0
14:22:09.984051 eth0  In  IP 192.0.2.123.80 > 192.0.2.10.49852: Flags [S.], seq 9693263, ack 2358684387, win 65535, length 0
14:22:09.984054 eth0  In  IP 192.0.2.123.80 > 192.0.2.10.49852: Flags [S.], seq 9693263, ack 2358684388, win 65535, length 0
14:22:09.984061 eth0  In  IP 192.0.2.123.80 > 192.0.2.10.49852: Flags [S.], seq 9693263, ack 2358684389, win 65535, length 0
14:22:09.984063 eth0  In  IP 192.0.2.123.80 > 192.0.2.10.49852: Flags [S.], seq 9693263, ack 2358684390, win 65535, length 0
14:22:09.984065 eth0  In  IP 192.0.2.123.80 > 192.0.2.10.49852: Flags [S.], seq 9693263, ack 2358684391, win 65535, length 0
14:22:09.984067 eth0  In  IP 192.0.2.123.80 > 192.0.2.10.49852: Flags [S.], seq 9693263, ack 2358684392, win 65535, length 0
14:22:09.984069 eth0  In  IP 192.0.2.123.80 > 192.0.2.10.49852: Flags [S.], seq 9693263, ack 2358684393, win 65535, length 0
14:22:09.984071 eth0  In  IP 192.0.2.123.80 > 192.0.2.10.49852: Flags [S.], seq 9693263, ack 2358684394, win 65535, length 0
14:22:09.984073 eth0  In  IP 192.0.2.123.80 > 192.0.2.10.49852: Flags [S.], seq 9693263, ack 2358684395, win 65535, length 0
14:22:09.984075 eth0  In  IP 192.0.2.123.80 > 192.0.2.10.49852: Flags [S.], seq 9693263, ack 2358684396, win 65535, length 0
14:22:09.984077 eth0  In  IP 192.0.2.123.80 > 192.0.2.10.49852: Flags [S.], seq 9693263, ack 2358684397, win 65535, length 0
14:22:09.984078 eth0  In  IP 192.0.2.123.80 > 192.0.2.10.49852: Flags [S.], seq 9693263, ack 2358684398, win 65535, length 0
14:22:09.984080 eth0  In  IP 192.0.2.123.80 > 192.0.2.10.49852: Flags [S.], seq 9693263, ack 2358684399, win 65535, length 0
14:22:09.984082 eth0  In  IP 192.0.2.123.80 > 192.0.2.10.49852: Flags [S.], seq 9693263, ack 2358684400, win 65535, length 0
14:22:09.984084 eth0  In  IP 192.0.2.123.80 > 192.0.2.10.49852: Flags [S.], seq 9693263, ack 2358684401, win 65535, length 0
14:22:09.984086 eth0  In  IP 192.0.2.123.80 > 192.0.2.10.49852: Flags [S.], seq 9693263, ack 2358684402, win 65535, length 0
14:22:09.984088 eth0  In  IP 192.0.2.123.80 > 192.0.2.10.49852: Flags [S.], seq 9693263, ack 2358684403, win 65535, length 0
14:22:09.984393 eth0  In  IP 192.0.2.123.80 > 192.0.2.10.49852: Flags [S.], seq 9693263, ack 2358684404, win 65535, length 0
14:22:09.984394 eth0  In  IP 192.0.2.123.80 > 192.0.2.10.49852: Flags [S.], seq 9693263, ack 2358684405, win 65535, length 0
14:22:09.984396 eth0  In  IP 192.0.2.123.80 > 192.0.2.10.49852: Flags [S.], seq 9693263, ack 2358684406, win 65535, length 0
14:22:09.984398 eth0  In  IP 192.0.2.123.80 > 192.0.2.10.49852: Flags [S.], seq 9693263, ack 2358684407, win 65535, length 0
14:22:09.984400 eth0  In  IP 192.0.2.123.80 > 192.0.2.10.49852: Flags [S.], seq 9693263, ack 2358684408, win 65535, length 0
14:22:09.984402 eth0  In  IP 192.0.2.123.80 > 192.0.2.10.49852: Flags [S.], seq 9693263, ack 2358684409, win 65535, length 0
14:22:09.984404 eth0  In  IP 192.0.2.123.80 > 192.0.2.10.49852: Flags [S.], seq 9693263, ack 2358684410, win 65535, length 0
14:22:09.984406 eth0  In  IP 192.0.2.123.80 > 192.0.2.10.49852: Flags [S.], seq 9693263, ack 2358684411, win 65535, length 0
14:22:09.984407 eth0  In  IP 192.0.2.123.80 > 192.0.2.10.49852: Flags [S.], seq 9693263, ack 2358684412, win 65535, length 0
14:22:09.984409 eth0  In  IP 192.0.2.123.80 > 192.0.2.10.49852: Flags [S.], seq 9693263, ack 2358684413, win 65535, length 0
14:22:09.984411 eth0  In  IP 192.0.2.123.80 > 192.0.2.10.49852: Flags [S.], seq 9693263, ack 2358684414, win 65535, length 0
14:22:09.984413 eth0  In  IP 192.0.2.123.80 > 192.0.2.10.49852: Flags [S.], seq 9693263, ack 2358684415, win 65535, length 0
14:22:09.984415 eth0  In  IP 192.0.2.123.80 > 192.0.2.10.49852: Flags [S.], seq 9693263, ack 2358684416, win 65535, length 0
14:22:09.984417 eth0  In  IP 192.0.2.123.80 > 192.0.2.10.49852: Flags [S.], seq 9693263, ack 2358684417, win 65535, length 0
14:22:09.984419 eth0  In  IP 192.0.2.123.80 > 192.0.2.10.49852: Flags [S.], seq 9693263, ack 2358684418, win 65535, length 0
14:22:09.984420 eth0  In  IP 192.0.2.123.80 > 192.0.2.10.49852: Flags [S.], seq 9693263, ack 2358684419, win 65535, length 0
14:22:09.984422 eth0  In  IP 192.0.2.123.80 > 192.0.2.10.49852: Flags [S.], seq 9693263, ack 2358684420, win 65535, length 0
14:22:09.984424 eth0  In  IP 192.0.2.123.80 > 192.0.2.10.49852: Flags [S.], seq 9693263, ack 2358684421, win 65535, length 0
14:22:09.984426 eth0  In  IP 192.0.2.123.80 > 192.0.2.10.49852: Flags [S.], seq 9693263, ack 2358684422, win 65535, length 0
14:22:09.984428 eth0  In  IP 192.0.2.123.80 > 192.0.2.10.49852: Flags [S.], seq 9693263, ack 2358684423, win 65535, length 0
14:22:09.984430 eth0  In  IP 192.0.2.123.80 > 192.0.2.10.49852: Flags [S.], seq 9693263, ack 2358684424, win 65535, length 0
14:22:09.984431 eth0  In  IP 192.0.2.123.80 > 192.0.2.10.49852: Flags [S.], seq 9693263, ack 2358684425, win 65535, length 0
14:22:09.984433 eth0  In  IP 192.0.2.123.80 > 192.0.2.10.49852: Flags [S.], seq 9693263, ack 2358684426, win 65535, length 0
14:22:09.984435 eth0  In  IP 192.0.2.123.80 > 192.0.2.10.49852: Flags [S.], seq 9693263, ack 2358684427, win 65535, length 0
14:22:09.984437 eth0  In  IP 192.0.2.123.80 > 192.0.2.10.49852: Flags [S.], seq 9693263, ack 2358684428, win 65535, length 0
14:22:09.984439 eth0  In  IP 192.0.2.123.80 > 192.0.2.10.49852: Flags [S.], seq 9693263, ack 2358684429, win 65535, length 0
14:22:09.984441 eth0  In  IP 192.0.2.123.80 > 192.0.2.10.49852: Flags [S.], seq 9693263, ack 2358684430, win 65535, length 0
14:22:09.984442 eth0  In  IP 192.0.2.123.80 > 192.0.2.10.49852: Flags [S.], seq 9693263, ack 2358684431, win 65535, length 0
14:22:09.984444 eth0  In  IP 192.0.2.123.80 > 192.0.2.10.49852: Flags [S.], seq 9693263, ack 2358684432, win 65535, length 0
14:22:09.984446 eth0  In  IP 192.0.2.123.80 > 192.0.2.10.49852: Flags [S.], seq 9693263, ack 2358684433, win 65535, length 0
14:22:09.984448 eth0  In  IP 192.0.2.123.80 > 192.0.2.10.49852: Flags [S.], seq 9693263, ack 2358684434, win 65535, length 0
14:22:09.984450 eth0  In  IP 192.0.2.123.80 > 192.0.2.10.49852: Flags [S.], seq 9693263, ack 2358684435, win 65535, length 0
14:22:09.984755 eth0  In  IP 192.0.2.123.80 > 192.0.2.10.49852: Flags [S.], seq 9693263, ack 2358684436, win 65535, length 0
14:22:09.984757 eth0  In  IP 192.0.2.123.80 > 192.0.2.10.49852: Flags [S.], seq 9693263, ack 2358684437, win 65535, length 0
14:22:09.984759 eth0  In  IP 192.0.2.123.80 > 192.0.2.10.49852: Flags [S.], seq 9693263, ack 2358684438, win 65535, length 0
14:22:09.984761 eth0  In  IP 192.0.2.123.80 > 192.0.2.10.49852: Flags [S.], seq 9693263, ack 2358684439, win 65535, length 0
14:22:09.984762 eth0  In  IP 192.0.2.123.80 > 192.0.2.10.49852: Flags [S.], seq 9693263, ack 2358684440, win 65535, length 0
14:22:09.984764 eth0  In  IP 192.0.2.123.80 > 192.0.2.10.49852: Flags [S.], seq 9693263, ack 2358684441, win 65535, length 0
14:22:09.984766 eth0  In  IP 192.0.2.123.80 > 192.0.2.10.49852: Flags [S.], seq 9693263, ack 2358684442, win 65535, length 0
14:22:09.984768 eth0  In  IP 192.0.2.123.80 > 192.0.2.10.49852: Flags [S.], seq 9693263, ack 2358684443, win 65535, length 0
14:22:09.984770 eth0  In  IP 192.0.2.123.80 > 192.0.2.10.49852: Flags [S.], seq 9693263, ack 2358684444, win 65535, length 0
14:22:09.984772 eth0  In  IP 192.0.2.123.80 > 192.0.2.10.49852: Flags [S.], seq 9693263, ack 2358684445, win 65535, length 0
14:22:09.984773 eth0  In  IP 192.0.2.123.80 > 192.0.2.10.49852: Flags [S.], seq 9693263, ack 2358684446, win 65535, length 0
14:22:09.984775 eth0  In  IP 192.0.2.123.80 > 192.0.2.10.49852: Flags [S.], seq 9693263, ack 2358684447, win 65535, length 0
14:22:09.984777 eth0  In  IP 192.0.2.123.80 > 192.0.2.10.49852: Flags [S.], seq 9693263, ack 2358684448, win 65535, length 0
14:22:09.984779 eth0  In  IP 192.0.2.123.80 > 192.0.2.10.49852: Flags [S.], seq 9693263, ack 2358684449, win 65535, length 0
14:22:09.984781 eth0  In  IP 192.0.2.123.80 > 192.0.2.10.49852: Flags [S.], seq 9693263, ack 2358684450, win 65535, length 0
14:22:09.984783 eth0  In  IP 192.0.2.123.80 > 192.0.2.10.49852: Flags [S.], seq 9693263, ack 2358684451, win 65535, length 0
14:22:09.984785 eth0  In  IP 192.0.2.123.80 > 192.0.2.10.49852: Flags [S.], seq 9693263, ack 2358684452, win 65535, length 0
14:22:09.984786 eth0  In  IP 192.0.2.123.80 > 192.0.2.10.49852: Flags [S.], seq 9693263, ack 2358684453, win 65535, length 0
14:22:09.984788 eth0  In  IP 192.0.2.123.80 > 192.0.2.10.49852: Flags [S.], seq 9693263, ack 2358684454, win 65535, length 0
14:22:09.984790 eth0  In  IP 192.0.2.123.80 > 192.0.2.10.49852: Flags [S.], seq 9693263, ack 2358684455, win 65535, length 0
14:22:09.984792 eth0  In  IP 192.0.2.123.80 > 192.0.2.10.49852: Flags [S.], seq 9693263, ack 2358684456, win 65535, length 0
14:22:09.984794 eth0  In  IP 192.0.2.123.80 > 192.0.2.10.49852: Flags [S.], seq 9693263, ack 2358684457, win 65535, length 0
14:22:09.984796 eth0  In  IP 192.0.2.123.80 > 192.0.2.10.49852: Flags [S.], seq 9693263, ack 2358684458, win 65535, length 0
14:22:09.984798 eth0  In  IP 192.0.2.123.80 > 192.0.2.10.49852: Flags [S.], seq 9693263, ack 2358684459, win 65535, length 0
14:22:09.984799 eth0  In  IP 192.0.2.123.80 > 192.0.2.10.49852: Flags [S.], seq 9693263, ack 2358684460, win 65535, length 0
14:22:09.984801 eth0  In  IP 192.0.2.123.80 > 192.0.2.10.49852: Flags [S.], seq 9693263, ack 2358684461, win 65535, length 0
14:22:09.984803 eth0  In  IP 192.0.2.123.80 > 192.0.2.10.49852: Flags [S.], seq 9693263, ack 2358684462, win 65535, length 0
14:22:09.984805 eth0  In  IP 192.0.2.123.80 > 192.0.2.10.49852: Flags [S.], seq 9693263, ack 2358684463, win 65535, length 0
14:22:09.984807 eth0  In  IP 192.0.2.123.80 > 192.0.2.10.49852: Flags [S.], seq 9693263, ack 2358684464, win 65535, length 0
14:22:09.984809 eth0  In  IP 192.0.2.123.80 > 192.0.2.10.49852: Flags [S.], seq 9693263, ack 2358684465, win 65535, length 0
14:22:09.984811 eth0  In  IP 192.0.2.123.80 > 192.0.2.10.49852: Flags [S.], seq 9693263, ack 2358684466, win 65535, length 0
14:22:09.984812 eth0  In  IP 192.0.2.123.80 > 192.0.2.10.49852: Flags [S.], seq 9693263, ack 2358684467, win 65535, length 0
14:22:09.985117 eth0  In  IP 192.0.2.123.80 > 192.0.2.10.49852: Flags [S.], seq 9693263, ack 2358684468, win 65535, length 0
14:22:09.985118 eth0  In  IP 192.0.2.123.80 > 192.0.2.10.49852: Flags [S.], seq 9693263, ack 2358684469, win 65535, length 0
14:22:09.985120 eth0  In  IP 192.0.2.123.80 > 192.0.2.10.49852: Flags [S.], seq 9693263, ack 2358684470, win 65535, length 0
14:22:09.985122 eth0  In  IP 192.0.2.123.80 > 192.0.2.10.49852: Flags [S.], seq 9693263, ack 2358684471, win 65535, length 0
14:22:09.985123 eth0  In  IP 192.0.2.123.80 > 192.0.2.10.49852: Flags [S.], seq 9693263, ack 2358684472, win 65535, length 0
14:22:09.985125 eth0  In  IP 192.0.2.123.80 > 192.0.2.10.49852: Flags [S.], seq 9693263, ack 2358684473, win 65535, length 0
14:22:09.985127 eth0  In  IP 192.0.2.123.80 > 192.0.2.10.49852: Flags [S.], seq 9693263, ack 2358684474, win 65535, length 0
14:22:09.985128 eth0  In  IP 192.0.2.123.80 > 192.0.2.10.49852: Flags [S.], seq 9693263, ack 2358684475, win 65535, length 0
14:22:09.985130 eth0  In  IP 192.0.2.123.80 > 192.0.2.10.49852: Flags [S.], seq 9693263, ack 2358684476, win 65535, length 0
14:22:09.985132 eth0  In  IP 192.0.2.123.80 > 192.0.2.10.49852: Flags [S.], seq 9693263, ack 2358684477, win 65535, length 0
14:22:09.985133 eth0  In  IP 192.0.2.123.80 > 192.0.2.10.49852: Flags [S.], seq 9693263, ack 2358684478, win 65535, length 0
14:22:09.985135 eth0  In  IP 192.0.2.123.80 > 192.0.2.10.49852: Flags [S.], seq 9693263, ack 2358684479, win 65535, length 0
14:22:09.985137 eth0  In  IP 192.0.2.123.80 > 192.0.2.10.49852: Flags [S.], seq 9693263, ack 2358684480, win 65535, length 0
14:22:09.985138 eth0  In  IP 192.0.2.123.80 > 192.0.2.10.49852: Flags [S.], seq 9693263, ack 2358684481, win 65535, length 0
14:22:09.985140 eth0  In  IP 192.0.2.123.80 > 192.0.2.10.49852: Flags [S.], seq 9693263, ack 2358684482, win 65535, length 0
14:22:09.985142 eth0  In  IP 192.0.2.123.80 > 192.0.2.10.49852: Flags [S.], seq 9693263, ack 2358684483, win 65535, length 0
14:22:09.985143 eth0  In  IP 192.0.2.123.80 > 192.0.2.10.49852: Flags [S.], seq 9693263, ack 2358684484, win 65535, length 0
14:22:09.985145 eth0  In  IP 192.0.2.123.80 > 192.0.2.10.49852: Flags [S.], seq 9693263, ack 2358684485, win 65535, length 0
14:22:09.985146 eth0  In  IP 192.0.2.123.80 > 192.0.2.10.49852: Flags [S.], seq 9693263, ack 2358684486, win 65535, length 0
14:22:09.985148 eth0  In  IP 192.0.2.123.80 > 192.0.2.10.49852: Flags [S.], seq 9693263, ack 2358684487, win 65535, length 0
14:22:09.985150 eth0  In  IP 192.0.2.123.80 > 192.0.2.10.49852: Flags [S.], seq 9693263, ack 2358684488, win 65535, length 0
14:22:09.985151 eth0  In  IP 192.0.2.123.80 > 192.0.2.10.49852: Flags [S.], seq 9693263, ack 2358684489, win 65535, length 0
14:22:09.985153 eth0  In  IP 192.0.2.123.80 > 192.0.2.10.49852: Flags [S.], seq 9693263, ack 2358684490, win 65535, length 0
14:22:09.985154 eth0  In  IP 192.0.2.123.80 > 192.0.2.10.49852: Flags [S.], seq 9693263, ack 2358684491, win 65535, length 0
14:22:09.985156 eth0  In  IP 192.0.2.123.80 > 192.0.2.10.49852: Flags [S.], seq 9693263, ack 2358684492, win 65535, length 0
14:22:09.985158 eth0  In  IP 192.0.2.123.80 > 192.0.2.10.49852: Flags [S.], seq 9693263, ack 2358684493, win 65535, length 0
14:22:09.985159 eth0  In  IP 192.0.2.123.80 > 192.0.2.10.49852: Flags [S.], seq 9693263, ack 2358684494, win 65535, length 0
14:22:09.985161 eth0  In  IP 192.0.2.123.80 > 192.0.2.10.49852: Flags [S.], seq 9693263, ack 2358684495, win 65535, length 0
14:22:09.985163 eth0  In  IP 192.0.2.123.80 > 192.0.2.10.49852: Flags [S.], seq 9693263, ack 2358684496, win 65535, length 0
14:22:09.985164 eth0  In  IP 192.0.2.123.80 > 192.0.2.10.49852: Flags [S.], seq 9693263, ack 2358684497, win 65535, length 0
14:22:09.985166 eth0  In  IP 192.0.2.123.80 > 192.0.2.10.49852: Flags [S.], seq 9693263, ack 2358684498, win 65535, length 0
14:22:09.985167 eth0  In  IP 192.0.2.123.80 > 192.0.2.10.49852: Flags [S.], seq 9693263, ack 2358684499, win 65535, length 0
14:22:09.985472 eth0  In  IP 192.0.2.123.80 > 192.0.2.10.49852: Flags [S.], seq 9693263, ack 2358684500, win 65535, length 0
14:22:09.985473 eth0  In  IP 192.0.2.123.80 > 192.0.2.10.49852: Flags [S.], seq 9693263, ack 2358684501, win 65535, length 0
14:22:09.985475 eth0  In  IP 192.0.2.123.80 > 192.0.2.10.49852: Flags [S.], seq 9693263, ack 2358684502, win 65535, length 0
14:22:09.985477 eth0  In  IP 192.0.2.123.80 > 192.0.2.10.49852: Flags [S.], seq 9693263, ack 2358684503, win 65535, length 0
14:22:09.985478 eth0  In  IP 192.0.2.123.80 > 192.0.2.10.49852: Flags [S.], seq 9693263, ack 2358684504, win 65535, length 0
14:22:09.985480 eth0  In  IP 192.0.2.123.80 > 192.0.2.10.49852: Flags [S.], seq 9693263, ack 2358684505, win 65535, length 0
14:22:09.985482 eth0  In  IP 192.0.2.123.80 > 192.0.2.10.49852: Flags [S.], seq 9693263, ack 2358684506, win 65535, length 0
14:22:09.985483 eth0  In  IP 192.0.2.123.80 > 192.0.2.10.49852: Flags [S.], seq 9693263, ack 2358684507, win 65535, length 0
14:22:09.985485 eth0  In  IP 192.0.2.123.80 > 192.0.2.10.49852: Flags [S.], seq 9693263, ack 2358684508, win 65535, length 0
14:22:09.985486 eth0  In  IP 192.0.2.123.80 > 192.0.2.10.49852: Flags [S.], seq 9693263, ack 2358684509, win 65535, length 0
14:22:09.985488 eth0  In  IP 192.0.2.123.80 > 192.0.2.10.49852: Flags [S.], seq 9693263, ack 2358684510, win 65535, length 0
14:22:09.985490 eth0  In  IP 192.0.2.123.80 > 192.0.2.10.49852: Flags [S.], seq 9693263, ack 2358684511, win 65535, length 0
14:22:09.985491 eth0  In  IP 192.0.2.123.80 > 192.0.2.10.49852: Flags [S.], seq 9693263, ack 2358684512, win 65535, length 0
14:22:09.985493 eth0  In  IP 192.0.2.123.80 > 192.0.2.10.49852: Flags [S.], seq 9693263, ack 2358684513, win 65535, length 0
14:22:09.985495 eth0  In  IP 192.0.2.123.80 > 192.0.2.10.49852: Flags [S.], seq 9693263, ack 2358684514, win 65535, length 0
14:22:09.985496 eth0  In  IP 192.0.2.123.80 > 192.0.2.10.49852: Flags [S.], seq 9693263, ack 2358684515, win 65535, length 0
14:22:09.985498 eth0  In  IP 192.0.2.123.80 > 192.0.2.10.49852: Flags [S.], seq 9693263, ack 2358684516, win 65535, length 0
14:22:09.985499 eth0  In  IP 192.0.2.123.80 > 192.0.2.10.49852: Flags [S.], seq 9693263, ack 2358684517, win 65535, length 0
14:22:09.985501 eth0  In  IP 192.0.2.123.80 > 192.0.2.10.49852: Flags [S.], seq 9693263, ack 2358684518, win 65535, length 0
14:22:09.985503 eth0  In  IP 192.0.2.123.80 > 192.0.2.10.49852: Flags [S.], seq 9693263, ack 2358684519, win 65535, length 0
14:22:09.985504 eth0  In  IP 192.0.2.123.80 > 192.0.2.10.49852: Flags [S.], seq 9693263, ack 2358684520, win 65535, length 0
14:22:09.985506 eth0  In  IP 192.0.2.123.80 > 192.0.2.10.49852: Flags [S.], seq 9693263, ack 2358684521, win 65535, length 0
14:22:09.985508 eth0  In  IP 192.0.2.123.80 > 192.0.2.10.49852: Flags [S.], seq 9693263, ack 2358684522, win 65535, length 0
14:22:09.985509 eth0  In  IP 192.0.2.123.80 > 192.0.2.10.49852: Flags [S.], seq 9693263, ack 2358684523, win 65535, length 0
14:22:09.985511 eth0  In  IP 192.0.2.123.80 > 192.0.2.10.49852: Flags [S.], seq 9693263, ack 2358684524, win 65535, length 0
14:22:09.985513 eth0  In  IP 192.0.2.123.80 > 192.0.2.10.49852: Flags [S.], seq 9693263, ack 2358684525, win 65535, length 0
14:22:09.985514 eth0  In  IP 192.0.2.123.80 > 192.0.2.10.49852: Flags [S.], seq 9693263, ack 2358684526, win 65535, length 0
14:22:09.985516 eth0  In  IP 192.0.2.123.80 > 192.0.2.10.49852: Flags [S.], seq 9693263, ack 2358684527, win 65535, length 0
14:22:09.985517 eth0  In  IP 192.0.2.123.80 > 192.0.2.10.49852: Flags [S.], seq 9693263, ack 2358684528, win 65535, length 0
14:22:09.985519 eth0  In  IP 192.0.2.123.80 > 192.0.2.10.49852: Flags [S.], seq 9693263, ack 2358684529, win 65535, length 0
14:22:09.985521 eth0  In  IP 192.0.2.123.80 > 192.0.2.10.49852: Flags [S.], seq 9693263, ack 2358684530, win 65535, length 0
14:22:09.985522 eth0  In  IP 192.0.2.123.80 > 192.0.2.10.49852: Flags [S.], seq 9693263, ack 2358684531, win 65535, length 0
14:22:09.985826 eth0  In  IP 192.0.2.123.80 > 192.0.2.10.49852: Flags [S.], seq 9693263, ack 2358684532, win 65535, length 0
14:22:09.985828 eth0  In  IP 192.0.2.123.80 > 192.0.2.10.49852: Flags [S.], seq 9693263, ack 2358684533, win 65535, length 0
14:22:09.985830 eth0  In  IP 192.0.2.123.80 > 192.0.2.10.49852: Flags [S.], seq 9693263, ack 2358684534, win 65535, length 0
14:22:09.985831 eth0  In  IP 192.0.2.123.80 > 192.0.2.10.49852: Flags [S.], seq 9693263, ack 2358684535, win 65535, length 0
14:22:09.985833 eth0  In  IP 192.0.2.123.80 > 192.0.2.10.49852: Flags [S.], seq 9693263, ack 2358684536, win 65535, length 0
14:22:09.985835 eth0  In  IP 192.0.2.123.80 > 192.0.2.10.49852: Flags [S.], seq 9693263, ack 2358684537, win 65535, length 0
14:22:09.985836 eth0  In  IP 192.0.2.123.80 > 192.0.2.10.49852: Flags [S.], seq 9693263, ack 2358684538, win 65535, length 0
14:22:09.985838 eth0  In  IP 192.0.2.123.80 > 192.0.2.10.49852: Flags [S.], seq 9693263, ack 2358684539, win 65535, length 0
14:22:09.985839 eth0  In  IP 192.0.2.123.80 > 192.0.2.10.49852: Flags [S.], seq 9693263, ack 2358684540, win 65535, length 0
14:22:09.985841 eth0  In  IP 192.0.2.123.80 > 192.0.2.10.49852: Flags [S.], seq 9693263, ack 2358684541, win 65535, length 0
14:22:09.985843 eth0  In  IP 192.0.2.123.80 > 192.0.2.10.49852: Flags [S.], seq 9693263, ack 2358684542, win 65535, length 0
14:22:09.985844 eth0  In  IP 192.0.2.123.80 > 192.0.2.10.49852: Flags [S.], seq 9693263, ack 2358684543, win 65535, length 0
14:22:09.985846 eth0  In  IP 192.0.2.123.80 > 192.0.2.10.49852: Flags [S.], seq 9693263, ack 2358684544, win 65535, length 0
14:22:09.985848 eth0  In  IP 192.0.2.123.80 > 192.0.2.10.49852: Flags [S.], seq 9693263, ack 2358684545, win 65535, length 0
14:22:09.985849 eth0  In  IP 192.0.2.123.80 > 192.0.2.10.49852: Flags [S.], seq 9693263, ack 2358684546, win 65535, length 0
14:22:09.985851 eth0  In  IP 192.0.2.123.80 > 192.0.2.10.49852: Flags [S.], seq 9693263, ack 2358684547, win 65535, length 0
14:22:09.985852 eth0  In  IP 192.0.2.123.80 > 192.0.2.10.49852: Flags [S.], seq 9693263, ack 2358684548, win 65535, length 0
14:22:09.985854 eth0  In  IP 192.0.2.123.80 > 192.0.2.10.49852: Flags [S.], seq 9693263, ack 2358684549, win 65535, length 0
14:22:09.985856 eth0  In  IP 192.0.2.123.80 > 192.0.2.10.49852: Flags [S.], seq 9693263, ack 2358684550, win 65535, length 0
14:22:09.985857 eth0  In  IP 192.0.2.123.80 > 192.0.2.10.49852: Flags [S.], seq 9693263, ack 2358684551, win 65535, length 0
14:22:09.985859 eth0  In  IP 192.0.2.123.80 > 192.0.2.10.49852: Flags [S.], seq 9693263, ack 2358684552, win 65535, length 0
14:22:09.985860 eth0  In  IP 192.0.2.123.80 > 192.0.2.10.49852: Flags [S.], seq 9693263, ack 2358684553, win 65535, length 0
14:22:09.985862 eth0  In  IP 192.0.2.123.80 > 192.0.2.10.49852: Flags [S.], seq 9693263, ack 2358684554, win 65535, length 0
14:22:09.985864 eth0  In  IP 192.0.2.123.80 > 192.0.2.10.49852: Flags [S.], seq 9693263, ack 2358684555, win 65535, length 0
14:22:09.985865 eth0  In  IP 192.0.2.123.80 > 192.0.2.10.49852: Flags [S.], seq 9693263, ack 2358684556, win 65535, length 0
14:22:09.985867 eth0  In  IP 192.0.2.123.80 > 192.0.2.10.49852: Flags [S.], seq 9693263, ack 2358684557, win 65535, length 0
14:22:09.985869 eth0  In  IP 192.0.2.123.80 > 192.0.2.10.49852: Flags [S.], seq 9693263, ack 2358684558, win 65535, length 0
14:22:09.985870 eth0  In  IP 192.0.2.123.80 > 192.0.2.10.49852: Flags [S.], seq 9693263, ack 2358684559, win 65535, length 0
14:22:09.985872 eth0  In  IP 192.0.2.123.80 > 192.0.2.10.49852: Flags [S.], seq 9693263, ack 2358684560, win 65535, length 0
14:22:09.985873 eth0  In  IP 192.0.2.123.80 > 192.0.2.10.49852: Flags [S.], seq 9693263, ack 2358684561, win 65535, length 0
14:22:09.985875 eth0  In  IP 192.0.2.123.80 > 192.0.2.10.49852: Flags [S.], seq 9693263, ack 2358684562, win 65535, length 0
14:22:09.985877 eth0  In  IP 192.0.2.123.80 > 192.0.2.10.49852: Flags [S.], seq 9693263, ack 2358684563, win 65535, length 0
14:22:09.986182 eth0  In  IP 192.0.2.123.80 > 192.0.2.10.49852: Flags [S.], seq 9693263, ack 2358684564, win 65535, length 0
14:22:09.986183 eth0  In  IP 192.0.2.123.80 > 192.0.2.10.49852: Flags [S.], seq 9693263, ack 2358684565, win 65535, length 0
14:22:09.986185 eth0  In  IP 192.0.2.123.80 > 192.0.2.10.49852: Flags [S.], seq 9693263, ack 2358684566, win 65535, length 0
14:22:09.986187 eth0  In  IP 192.0.2.123.80 > 192.0.2.10.49852: Flags [S.], seq 9693263, ack 2358684567, win 65535, length 0
14:22:09.986188 eth0  In  IP 192.0.2.123.80 > 192.0.2.10.49852: Flags [S.], seq 9693263, ack 2358684568, win 65535, length 0
14:22:09.986190 eth0  In  IP 192.0.2.123.80 > 192.0.2.10.49852: Flags [S.], seq 9693263, ack 2358684569, win 65535, length 0
14:22:09.986191 eth0  In  IP 192.0.2.123.80 > 192.0.2.10.49852: Flags [S.], seq 9693263, ack 2358684570, win 65535, length 0
14:22:09.986193 eth0  In  IP 192.0.2.123.80 > 192.0.2.10.49852: Flags [S.], seq 9693263, ack 2358684571, win 65535, length 0
14:22:09.986195 eth0  In  IP 192.0.2.123.80 > 192.0.2.10.49852: Flags [S.], seq 9693263, ack 2358684572, win 65535, length 0
14:22:09.986196 eth0  In  IP 192.0.2.123.80 > 192.0.2.10.49852: Flags [S.], seq 9693263, ack 2358684573, win 65535, length 0
14:22:09.986198 eth0  In  IP 192.0.2.123.80 > 192.0.2.10.49852: Flags [S.], seq 9693263, ack 2358684574, win 65535, length 0
14:22:09.986200 eth0  In  IP 192.0.2.123.80 > 192.0.2.10.49852: Flags [S.], seq 9693263, ack 2358684575, win 65535, length 0
14:22:09.986201 eth0  In  IP 192.0.2.123.80 > 192.0.2.10.49852: Flags [S.], seq 9693263, ack 2358684576, win 65535, length 0
14:22:09.986203 eth0  In  IP 192.0.2.123.80 > 192.0.2.10.49852: Flags [S.], seq 9693263, ack 2358684577, win 65535, length 0
14:22:09.986204 eth0  In  IP 192.0.2.123.80 > 192.0.2.10.49852: Flags [S.], seq 9693263, ack 2358684578, win 65535, length 0
14:22:09.986206 eth0  In  IP 192.0.2.123.80 > 192.0.2.10.49852: Flags [S.], seq 9693263, ack 2358684579, win 65535, length 0
14:22:09.986208 eth0  In  IP 192.0.2.123.80 > 192.0.2.10.49852: Flags [S.], seq 9693263, ack 2358684580, win 65535, length 0
14:22:09.986209 eth0  In  IP 192.0.2.123.80 > 192.0.2.10.49852: Flags [S.], seq 9693263, ack 2358684581, win 65535, length 0
14:22:09.986211 eth0  In  IP 192.0.2.123.80 > 192.0.2.10.49852: Flags [S.], seq 9693263, ack 2358684582, win 65535, length 0
14:22:09.986213 eth0  In  IP 192.0.2.123.80 > 192.0.2.10.49852: Flags [S.], seq 9693263, ack 2358684583, win 65535, length 0
14:22:09.986214 eth0  In  IP 192.0.2.123.80 > 192.0.2.10.49852: Flags [S.], seq 9693263, ack 2358684584, win 65535, length 0
14:22:09.986216 eth0  In  IP 192.0.2.123.80 > 192.0.2.10.49852: Flags [S.], seq 9693263, ack 2358684585, win 65535, length 0
14:22:09.986217 eth0  In  IP 192.0.2.123.80 > 192.0.2.10.49852: Flags [S.], seq 9693263, ack 2358684586, win 65535, length 0
14:22:09.986219 eth0  In  IP 192.0.2.123.80 > 192.0.2.10.49852: Flags [S.], seq 9693263, ack 2358684587, win 65535, length 0
14:22:09.986221 eth0  In  IP 192.0.2.123.80 > 192.0.2.10.49852: Flags [S.], seq 9693263, ack 2358684588, win 65535, length 0
14:22:09.986222 eth0  In  IP 192.0.2.123.80 > 192.0.2.10.49852: Flags [S.], seq 9693263, ack 2358684589, win 65535, length 0
14:22:09.986224 eth0  In  IP 192.0.2.123.80 > 192.0.2.10.49852: Flags [S.], seq 9693263, ack 2358684590, win 65535, length 0
14:22:09.986226 eth0  In  IP 192.0.2.123.80 > 192.0.2.10.49852: Flags [S.], seq 9693263, ack 2358684591, win 65535, length 0
14:22:09.986227 eth0  In  IP 192.0.2.123.80 > 192.0.2.10.49852: Flags [S.], seq 9693263, ack 2358684592, win 65535, length 0
14:22:09.986229 eth0  In  IP 192.0.2.123.80 > 192.0.2.10.49852: Flags [S.], seq 9693263, ack 2358684593, win 65535, length 0
14:22:09.986230 eth0  In  IP 192.0.2.123.80 > 192.0.2.10.49852: Flags [S.], seq 9693263, ack 2358684594, win 65535, length 0
14:22:09.986232 eth0  In  IP 192.0.2.123.80 > 192.0.2.10.49852: Flags [S.], seq 9693263, ack 2358684595, win 65535, length 0
14:22:09.986536 eth0  In  IP 192.0.2.123.80 > 192.0.2.10.49852: Flags [S.], seq 9693263, ack 2358684596, win 65535, length 0
14:22:09.986538 eth0  In  IP 192.0.2.123.80 > 192.0.2.10.49852: Flags [S.], seq 9693263, ack 2358684597, win 65535, length 0
14:22:09.986540 eth0  In  IP 192.0.2.123.80 > 192.0.2.10.49852: Flags [S.], seq 9693263, ack 2358684598, win 65535, length 0
14:22:09.986541 eth0  In  IP 192.0.2.123.80 > 192.0.2.10.49852: Flags [S.], seq 9693263, ack 2358684599, win 65535, length 0
14:22:09.986543 eth0  In  IP 192.0.2.123.80 > 192.0.2.10.49852: Flags [S.], seq 9693263, ack 2358684600, win 65535, length 0
14:22:09.986544 eth0  In  IP 192.0.2.123.80 > 192.0.2.10.49852: Flags [S.], seq 9693263, ack 2358684601, win 65535, length 0
14:22:09.986546 eth0  In  IP 192.0.2.123.80 > 192.0.2.10.49852: Flags [S.], seq 9693263, ack 2358684602, win 65535, length 0
14:22:09.986548 eth0  In  IP 192.0.2.123.80 > 192.0.2.10.49852: Flags [S.], seq 9693263, ack 2358684603, win 65535, length 0
14:22:09.986550 eth0  In  IP 192.0.2.123.80 > 192.0.2.10.49852: Flags [S.], seq 9693263, ack 2358684604, win 65535, length 0
14:22:09.986551 eth0  In  IP 192.0.2.123.80 > 192.0.2.10.49852: Flags [S.], seq 9693263, ack 2358684605, win 65535, length 0
14:22:09.986553 eth0  In  IP 192.0.2.123.80 > 192.0.2.10.49852: Flags [S.], seq 9693263, ack 2358684606, win 65535, length 0
14:22:09.986554 eth0  In  IP 192.0.2.123.80 > 192.0.2.10.49852: Flags [S.], seq 9693263, ack 2358684607, win 65535, length 0
14:22:09.986556 eth0  In  IP 192.0.2.123.80 > 192.0.2.10.49852: Flags [S.], seq 9693263, ack 2358684608, win 65535, length 0
14:22:09.986558 eth0  In  IP 192.0.2.123.80 > 192.0.2.10.49852: Flags [S.], seq 9693263, ack 2358684609, win 65535, length 0
14:22:09.986559 eth0  In  IP 192.0.2.123.80 > 192.0.2.10.49852: Flags [S.], seq 9693263, ack 2358684610, win 65535, length 0
14:22:09.986561 eth0  In  IP 192.0.2.123.80 > 192.0.2.10.49852: Flags [S.], seq 9693263, ack 2358684611, win 65535, length 0
14:22:09.986563 eth0  In  IP 192.0.2.123.80 > 192.0.2.10.49852: Flags [S.], seq 9693263, ack 2358684612, win 65535, length 0
14:22:09.986564 eth0  In  IP 192.0.2.123.80 > 192.0.2.10.49852: Flags [S.], seq 9693263, ack 2358684613, win 65535, length 0
14:22:09.986566 eth0  In  IP 192.0.2.123.80 > 192.0.2.10.49852: Flags [S.], seq 9693263, ack 2358684614, win 65535, length 0
14:22:09.986567 eth0  In  IP 192.0.2.123.80 > 192.0.2.10.49852: Flags [S.], seq 9693263, ack 2358684615, win 65535, length 0
14:22:09.986569 eth0  In  IP 192.0.2.123.80 > 192.0.2.10.49852: Flags [S.], seq 9693263, ack 2358684616, win 65535, length 0
14:22:09.986571 eth0  In  IP 192.0.2.123.80 > 192.0.2.10.49852: Flags [S.], seq 9693263, ack 2358684617, win 65535, length 0
14:22:09.986572 eth0  In  IP 192.0.2.123.80 > 192.0.2.10.49852: Flags [S.], seq 9693263, ack 2358684618, win 65535, length 0
14:22:09.986574 eth0  In  IP 192.0.2.123.80 > 192.0.2.10.49852: Flags [S.], seq 9693263, ack 2358684619, win 65535, length 0
14:22:09.986576 eth0  In  IP 192.0.2.123.80 > 192.0.2.10.49852: Flags [S.], seq 9693263, ack 2358684620, win 65535, length 0
14:22:09.986577 eth0  In  IP 192.0.2.123.80 > 192.0.2.10.49852: Flags [S.], seq 9693263, ack 2358684621, win 65535, length 0
14:22:09.986579 eth0  In  IP 192.0.2.123.80 > 192.0.2.10.49852: Flags [S.], seq 9693263, ack 2358684622, win 65535, length 0
14:22:09.986580 eth0  In  IP 192.0.2.123.80 > 192.0.2.10.49852: Flags [S.], seq 9693263, ack 2358684623, win 65535, length 0
14:22:09.986582 eth0  In  IP 192.0.2.123.80 > 192.0.2.10.49852: Flags [S.], seq 9693263, ack 2358684624, win 65535, length 0
14:22:09.986584 eth0  In  IP 192.0.2.123.80 > 192.0.2.10.49852: Flags [S.], seq 9693263, ack 2358684625, win 65535, length 0
14:22:09.986585 eth0  In  IP 192.0.2.123.80 > 192.0.2.10.49852: Flags [S.], seq 9693263, ack 2358684626, win 65535, length 0
14:22:09.986587 eth0  In  IP 192.0.2.123.80 > 192.0.2.10.49852: Flags [S.], seq 9693263, ack 2358684627, win 65535, length 0
14:22:09.986891 eth0  In  IP 192.0.2.123.80 > 192.0.2.10.49852: Flags [S.], seq 9693263, ack 2358684628, win 65535, length 0
14:22:09.986893 eth0  In  IP 192.0.2.123.80 > 192.0.2.10.49852: Flags [S.], seq 9693263, ack 2358684629, win 65535, length 0
14:22:09.986894 eth0  In  IP 192.0.2.123.80 > 192.0.2.10.49852: Flags [S.], seq 9693263, ack 2358684630, win 65535, length 0
14:22:09.986896 eth0  In  IP 192.0.2.123.80 > 192.0.2.10.49852: Flags [S.], seq 9693263, ack 2358684631, win 65535, length 0
14:22:09.986898 eth0  In  IP 192.0.2.123.80 > 192.0.2.10.49852: Flags [S.], seq 9693263, ack 2358684632, win 65535, length 0
14:22:09.986899 eth0  In  IP 192.0.2.123.80 > 192.0.2.10.49852: Flags [S.], seq 9693263, ack 2358684633, win 65535, length 0
14:22:09.986901 eth0  In  IP 192.0.2.123.80 > 192.0.2.10.49852: Flags [S.], seq 9693263, ack 2358684634, win 65535, length 0
14:22:09.986903 eth0  In  IP 192.0.2.123.80 > 192.0.2.10.49852: Flags [S.], seq 9693263, ack 2358684635, win 65535, length 0
14:22:09.986904 eth0  In  IP 192.0.2.123.80 > 192.0.2.10.49852: Flags [S.], seq 9693263, ack 2358684636, win 65535, length 0
14:22:09.986906 eth0  In  IP 192.0.2.123.80 > 192.0.2.10.49852: Flags [S.], seq 9693263, ack 2358684637, win 65535, length 0
14:22:09.986907 eth0  In  IP 192.0.2.123.80 > 192.0.2.10.49852: Flags [S.], seq 9693263, ack 2358684638, win 65535, length 0
14:22:09.986909 eth0  In  IP 192.0.2.123.80 > 192.0.2.10.49852: Flags [S.], seq 9693263, ack 2358684639, win 65535, length 0
14:22:09.986911 eth0  In  IP 192.0.2.123.80 > 192.0.2.10.49852: Flags [S.], seq 9693263, ack 2358684640, win 65535, length 0
14:22:09.986912 eth0  In  IP 192.0.2.123.80 > 192.0.2.10.49852: Flags [S.], seq 9693263, ack 2358684641, win 65535, length 0
14:22:09.986914 eth0  In  IP 192.0.2.123.80 > 192.0.2.10.49852: Flags [S.], seq 9693263, ack 2358684642, win 65535, length 0
14:22:09.986915 eth0  In  IP 192.0.2.123.80 > 192.0.2.10.49852: Flags [S.], seq 9693263, ack 2358684643, win 65535, length 0
14:22:09.986917 eth0  In  IP 192.0.2.123.80 > 192.0.2.10.49852: Flags [S.], seq 9693263, ack 2358684644, win 65535, length 0
14:22:09.986919 eth0  In  IP 192.0.2.123.80 > 192.0.2.10.49852: Flags [S.], seq 9693263, ack 2358684645, win 65535, length 0
14:22:09.986920 eth0  In  IP 192.0.2.123.80 > 192.0.2.10.49852: Flags [S.], seq 9693263, ack 2358684646, win 65535, length 0
14:22:09.986922 eth0  In  IP 192.0.2.123.80 > 192.0.2.10.49852: Flags [S.], seq 9693263, ack 2358684647, win 65535, length 0
14:22:09.986924 eth0  In  IP 192.0.2.123.80 > 192.0.2.10.49852: Flags [S.], seq 9693263, ack 2358684648, win 65535, length 0
14:22:09.986925 eth0  In  IP 192.0.2.123.80 > 192.0.2.10.49852: Flags [S.], seq 9693263, ack 2358684649, win 65535, length 0
14:22:09.986927 eth0  In  IP 192.0.2.123.80 > 192.0.2.10.49852: Flags [S.], seq 9693263, ack 2358684650, win 65535, length 0
14:22:09.986929 eth0  In  IP 192.0.2.123.80 > 192.0.2.10.49852: Flags [S.], seq 9693263, ack 2358684651, win 65535, length 0
14:22:09.986930 eth0  In  IP 192.0.2.123.80 > 192.0.2.10.49852: Flags [S.], seq 9693263, ack 2358684652, win 65535, length 0
14:22:09.986932 eth0  In  IP 192.0.2.123.80 > 192.0.2.10.49852: Flags [S.], seq 9693263, ack 2358684653, win 65535, length 0
14:22:09.986933 eth0  In  IP 192.0.2.123.80 > 192.0.2.10.49852: Flags [S.], seq 9693263, ack 2358684654, win 65535, length 0
14:22:09.986935 eth0  In  IP 192.0.2.123.80 > 192.0.2.10.49852: Flags [S.], seq 9693263, ack 2358684655, win 65535, length 0
14:22:09.986937 eth0  In  IP 192.0.2.123.80 > 192.0.2.10.49852: Flags [S.], seq 9693263, ack 2358684656, win 65535, length 0
14:22:09.986938 eth0  In  IP 192.0.2.123.80 > 192.0.2.10.49852: Flags [S.], seq 9693263, ack 2358684657, win 65535, length 0
14:22:09.986940 eth0  In  IP 192.0.2.123.80 > 192.0.2.10.49852: Flags [S.], seq 9693263, ack 2358684658, win 65535, length 0
14:22:09.986941 eth0  In  IP 192.0.2.123.80 > 192.0.2.10.49852: Flags [S.], seq 9693263, ack 2358684659, win 65535, length 0
14:22:09.987246 eth0  In  IP 192.0.2.123.80 > 192.0.2.10.49852: Flags [S.], seq 9693263, ack 2358684660, win 65535, length 0
14:22:09.987247 eth0  In  IP 192.0.2.123.80 > 192.0.2.10.49852: Flags [S.], seq 9693263, ack 2358684661, win 65535, length 0
14:22:09.987249 eth0  In  IP 192.0.2.123.80 > 192.0.2.10.49852: Flags [S.], seq 9693263, ack 2358684662, win 65535, length 0
14:22:09.987251 eth0  In  IP 192.0.2.123.80 > 192.0.2.10.49852: Flags [S.], seq 9693263, ack 2358684663, win 65535, length 0
14:22:09.987252 eth0  In  IP 192.0.2.123.80 > 192.0.2.10.49852: Flags [S.], seq 9693263, ack 2358684664, win 65535, length 0
14:22:09.987254 eth0  In  IP 192.0.2.123.80 > 192.0.2.10.49852: Flags [S.], seq 9693263, ack 2358684665, win 65535, length 0
14:22:09.987256 eth0  In  IP 192.0.2.123.80 > 192.0.2.10.49852: Flags [S.], seq 9693263, ack 2358684666, win 65535, length 0
14:22:09.987257 eth0  In  IP 192.0.2.123.80 > 192.0.2.10.49852: Flags [S.], seq 9693263, ack 2358684667, win 65535, length 0
14:22:09.987259 eth0  In  IP 192.0.2.123.80 > 192.0.2.10.49852: Flags [S.], seq 9693263, ack 2358684668, win 65535, length 0
14:22:09.987260 eth0  In  IP 192.0.2.123.80 > 192.0.2.10.49852: Flags [S.], seq 9693263, ack 2358684669, win 65535, length 0
14:22:09.987262 eth0  In  IP 192.0.2.123.80 > 192.0.2.10.49852: Flags [S.], seq 9693263, ack 2358684670, win 65535, length 0
14:22:09.987264 eth0  In  IP 192.0.2.123.80 > 192.0.2.10.49852: Flags [S.], seq 9693263, ack 2358684671, win 65535, length 0
14:22:09.987265 eth0  In  IP 192.0.2.123.80 > 192.0.2.10.49852: Flags [S.], seq 9693263, ack 2358684672, win 65535, length 0
14:22:09.987267 eth0  In  IP 192.0.2.123.80 > 192.0.2.10.49852: Flags [S.], seq 9693263, ack 2358684673, win 65535, length 0
14:22:09.987268 eth0  In  IP 192.0.2.123.80 > 192.0.2.10.49852: Flags [S.], seq 9693263, ack 2358684674, win 65535, length 0
14:22:09.987270 eth0  In  IP 192.0.2.123.80 > 192.0.2.10.49852: Flags [S.], seq 9693263, ack 2358684675, win 65535, length 0
14:22:09.987272 eth0  In  IP 192.0.2.123.80 > 192.0.2.10.49852: Flags [S.], seq 9693263, ack 2358684676, win 65535, length 0
14:22:09.987273 eth0  In  IP 192.0.2.123.80 > 192.0.2.10.49852: Flags [S.], seq 9693263, ack 2358684677, win 65535, length 0
14:22:09.987275 eth0  In  IP 192.0.2.123.80 > 192.0.2.10.49852: Flags [S.], seq 9693263, ack 2358684678, win 65535, length 0
14:22:09.987277 eth0  In  IP 192.0.2.123.80 > 192.0.2.10.49852: Flags [S.], seq 9693263, ack 2358684679, win 65535, length 0
14:22:09.987278 eth0  In  IP 192.0.2.123.80 > 192.0.2.10.49852: Flags [S.], seq 9693263, ack 2358684680, win 65535, length 0
14:22:09.987280 eth0  In  IP 192.0.2.123.80 > 192.0.2.10.49852: Flags [S.], seq 9693263, ack 2358684681, win 65535, length 0
14:22:09.987281 eth0  In  IP 192.0.2.123.80 > 192.0.2.10.49852: Flags [S.], seq 9693263, ack 2358684682, win 65535, length 0
14:22:09.987283 eth0  In  IP 192.0.2.123.80 > 192.0.2.10.49852: Flags [S.], seq 9693263, ack 2358684683, win 65535, length 0
14:22:09.987285 eth0  In  IP 192.0.2.123.80 > 192.0.2.10.49852: Flags [S.], seq 9693263, ack 2358684684, win 65535, length 0
14:22:09.987287 eth0  In  IP 192.0.2.123.80 > 192.0.2.10.49852: Flags [S.], seq 9693263, ack 2358684685, win 65535, length 0
14:22:09.987288 eth0  In  IP 192.0.2.123.80 > 192.0.2.10.49852: Flags [S.], seq 9693263, ack 2358684686, win 65535, length 0
14:22:09.987290 eth0  In  IP 192.0.2.123.80 > 192.0.2.10.49852: Flags [S.], seq 9693263, ack 2358684687, win 65535, length 0
14:22:09.987291 eth0  In  IP 192.0.2.123.80 > 192.0.2.10.49852: Flags [S.], seq 9693263, ack 2358684688, win 65535, length 0
14:22:09.987293 eth0  In  IP 192.0.2.123.80 > 192.0.2.10.49852: Flags [S.], seq 9693263, ack 2358684689, win 65535, length 0
14:22:09.987295 eth0  In  IP 192.0.2.123.80 > 192.0.2.10.49852: Flags [S.], seq 9693263, ack 2358684690, win 65535, length 0
14:22:09.987296 eth0  In  IP 192.0.2.123.80 > 192.0.2.10.49852: Flags [S.], seq 9693263, ack 2358684691, win 65535, length 0
14:22:09.987600 eth0  In  IP 192.0.2.123.80 > 192.0.2.10.49852: Flags [S.], seq 9693263, ack 2358684692, win 65535, length 0
14:22:09.987602 eth0  In  IP 192.0.2.123.80 > 192.0.2.10.49852: Flags [S.], seq 9693263, ack 2358684693, win 65535, length 0
14:22:09.987604 eth0  In  IP 192.0.2.123.80 > 192.0.2.10.49852: Flags [S.], seq 9693263, ack 2358684694, win 65535, length 0
14:22:09.987605 eth0  In  IP 192.0.2.123.80 > 192.0.2.10.49852: Flags [S.], seq 9693263, ack 2358684695, win 65535, length 0
14:22:09.987607 eth0  In  IP 192.0.2.123.80 > 192.0.2.10.49852: Flags [S.], seq 9693263, ack 2358684696, win 65535, length 0
14:22:09.987609 eth0  In  IP 192.0.2.123.80 > 192.0.2.10.49852: Flags [S.], seq 9693263, ack 2358684697, win 65535, length 0
14:22:09.987610 eth0  In  IP 192.0.2.123.80 > 192.0.2.10.49852: Flags [S.], seq 9693263, ack 2358684698, win 65535, length 0
14:22:09.987612 eth0  In  IP 192.0.2.123.80 > 192.0.2.10.49852: Flags [S.], seq 9693263, ack 2358684699, win 65535, length 0
14:22:09.987614 eth0  In  IP 192.0.2.123.80 > 192.0.2.10.49852: Flags [S.], seq 9693263, ack 2358684700, win 65535, length 0
14:22:09.987615 eth0  In  IP 192.0.2.123.80 > 192.0.2.10.49852: Flags [S.], seq 9693263, ack 2358684701, win 65535, length 0
14:22:09.987617 eth0  In  IP 192.0.2.123.80 > 192.0.2.10.49852: Flags [S.], seq 9693263, ack 2358684702, win 65535, length 0
14:22:09.987619 eth0  In  IP 192.0.2.123.80 > 192.0.2.10.49852: Flags [S.], seq 9693263, ack 2358684703, win 65535, length 0
14:22:09.987620 eth0  In  IP 192.0.2.123.80 > 192.0.2.10.49852: Flags [S.], seq 9693263, ack 2358684704, win 65535, length 0
14:22:09.987622 eth0  In  IP 192.0.2.123.80 > 192.0.2.10.49852: Flags [S.], seq 9693263, ack 2358684705, win 65535, length 0
14:22:09.987623 eth0  In  IP 192.0.2.123.80 > 192.0.2.10.49852: Flags [S.], seq 9693263, ack 2358684706, win 65535, length 0
14:22:09.987625 eth0  In  IP 192.0.2.123.80 > 192.0.2.10.49852: Flags [S.], seq 9693263, ack 2358684707, win 65535, length 0
14:22:09.987627 eth0  In  IP 192.0.2.123.80 > 192.0.2.10.49852: Flags [S.], seq 9693263, ack 2358684708, win 65535, length 0
14:22:09.987628 eth0  In  IP 192.0.2.123.80 > 192.0.2.10.49852: Flags [S.], seq 9693263, ack 2358684709, win 65535, length 0
14:22:09.987630 eth0  In  IP 192.0.2.123.80 > 192.0.2.10.49852: Flags [S.], seq 9693263, ack 2358684710, win 65535, length 0
14:22:09.987632 eth0  In  IP 192.0.2.123.80 > 192.0.2.10.49852: Flags [S.], seq 9693263, ack 2358684711, win 65535, length 0
14:22:09.987633 eth0  In  IP 192.0.2.123.80 > 192.0.2.10.49852: Flags [S.], seq 9693263, ack 2358684712, win 65535, length 0
14:22:09.987635 eth0  In  IP 192.0.2.123.80 > 192.0.2.10.49852: Flags [S.], seq 9693263, ack 2358684713, win 65535, length 0
14:22:09.987636 eth0  In  IP 192.0.2.123.80 > 192.0.2.10.49852: Flags [S.], seq 9693263, ack 2358684714, win 65535, length 0
14:22:09.987638 eth0  In  IP 192.0.2.123.80 > 192.0.2.10.49852: Flags [S.], seq 9693263, ack 2358684715, win 65535, length 0
14:22:09.987640 eth0  In  IP 192.0.2.123.80 > 192.0.2.10.49852: Flags [S.], seq 9693263, ack 2358684716, win 65535, length 0
14:22:09.987641 eth0  In  IP 192.0.2.123.80 > 192.0.2.10.49852: Flags [S.], seq 9693263, ack 2358684717, win 65535, length 0
14:22:09.987643 eth0  In  IP 192.0.2.123.80 > 192.0.2.10.49852: Flags [S.], seq 9693263, ack 2358684718, win 65535, length 0
14:22:09.987645 eth0  In  IP 192.0.2.123.80 > 192.0.2.10.49852: Flags [S.], seq 9693263, ack 2358684719, win 65535, length 0
14:22:09.987646 eth0  In  IP 192.0.2.123.80 > 192.0.2.10.49852: Flags [S.], seq 9693263, ack 2358684720, win 65535, length 0
14:22:09.987648 eth0  In  IP 192.0.2.123.80 > 192.0.2.10.49852: Flags [S.], seq 9693263, ack 2358684721, win 65535, length 0
14:22:09.987650 eth0  In  IP 192.0.2.123.80 > 192.0.2.10.49852: Flags [S.], seq 9693263, ack 2358684722, win 65535, length 0
14:22:09.987651 eth0  In  IP 192.0.2.123.80 > 192.0.2.10.49852: Flags [S.], seq 9693263, ack 2358684723, win 65535, length 0
14:22:09.987956 eth0  In  IP 192.0.2.123.80 > 192.0.2.10.49852: Flags [S.], seq 9693263, ack 2358684724, win 65535, length 0
14:22:09.987957 eth0  In  IP 192.0.2.123.80 > 192.0.2.10.49852: Flags [S.], seq 9693263, ack 2358684725, win 65535, length 0
14:22:09.987959 eth0  In  IP 192.0.2.123.80 > 192.0.2.10.49852: Flags [S.], seq 9693263, ack 2358684726, win 65535, length 0
14:22:09.987960 eth0  In  IP 192.0.2.123.80 > 192.0.2.10.49852: Flags [S.], seq 9693263, ack 2358684727, win 65535, length 0
14:22:09.987962 eth0  In  IP 192.0.2.123.80 > 192.0.2.10.49852: Flags [S.], seq 9693263, ack 2358684728, win 65535, length 0
14:22:09.987964 eth0  In  IP 192.0.2.123.80 > 192.0.2.10.49852: Flags [S.], seq 9693263, ack 2358684729, win 65535, length 0
14:22:09.987965 eth0  In  IP 192.0.2.123.80 > 192.0.2.10.49852: Flags [S.], seq 9693263, ack 2358684730, win 65535, length 0
14:22:09.987967 eth0  In  IP 192.0.2.123.80 > 192.0.2.10.49852: Flags [S.], seq 9693263, ack 2358684731, win 65535, length 0
14:22:09.987969 eth0  In  IP 192.0.2.123.80 > 192.0.2.10.49852: Flags [S.], seq 9693263, ack 2358684732, win 65535, length 0
14:22:09.987970 eth0  In  IP 192.0.2.123.80 > 192.0.2.10.49852: Flags [S.], seq 9693263, ack 2358684733, win 65535, length 0
14:22:09.987972 eth0  In  IP 192.0.2.123.80 > 192.0.2.10.49852: Flags [S.], seq 9693263, ack 2358684734, win 65535, length 0
14:22:09.987974 eth0  In  IP 192.0.2.123.80 > 192.0.2.10.49852: Flags [S.], seq 9693263, ack 2358684735, win 65535, length 0
14:22:09.987975 eth0  In  IP 192.0.2.123.80 > 192.0.2.10.49852: Flags [S.], seq 9693263, ack 2358684736, win 65535, length 0
14:22:09.987977 eth0  In  IP 192.0.2.123.80 > 192.0.2.10.49852: Flags [S.], seq 9693263, ack 2358684737, win 65535, length 0
14:22:09.987978 eth0  In  IP 192.0.2.123.80 > 192.0.2.10.49852: Flags [S.], seq 9693263, ack 2358684738, win 65535, length 0
14:22:09.987980 eth0  In  IP 192.0.2.123.80 > 192.0.2.10.49852: Flags [S.], seq 9693263, ack 2358684739, win 65535, length 0
14:22:09.987982 eth0  In  IP 192.0.2.123.80 > 192.0.2.10.49852: Flags [S.], seq 9693263, ack 2358684740, win 65535, length 0
14:22:09.987983 eth0  In  IP 192.0.2.123.80 > 192.0.2.10.49852: Flags [S.], seq 9693263, ack 2358684741, win 65535, length 0
14:22:09.987985 eth0  In  IP 192.0.2.123.80 > 192.0.2.10.49852: Flags [S.], seq 9693263, ack 2358684742, win 65535, length 0
14:22:09.987986 eth0  In  IP 192.0.2.123.80 > 192.0.2.10.49852: Flags [S.], seq 9693263, ack 2358684743, win 65535, length 0
14:22:09.987988 eth0  In  IP 192.0.2.123.80 > 192.0.2.10.49852: Flags [S.], seq 9693263, ack 2358684744, win 65535, length 0
14:22:09.987990 eth0  In  IP 192.0.2.123.80 > 192.0.2.10.49852: Flags [S.], seq 9693263, ack 2358684745, win 65535, length 0
14:22:09.987995 eth0  In  IP 192.0.2.123.80 > 192.0.2.10.49852: Flags [S.], seq 9693263, ack 2358684746, win 65535, length 0
14:22:09.987997 eth0  In  IP 192.0.2.123.80 > 192.0.2.10.49852: Flags [S.], seq 9693263, ack 2358684747, win 65535, length 0
14:22:09.987999 eth0  In  IP 192.0.2.123.80 > 192.0.2.10.49852: Flags [S.], seq 9693263, ack 2358684748, win 65535, length 0
14:22:09.988000 eth0  In  IP 192.0.2.123.80 > 192.0.2.10.49852: Flags [S.], seq 9693263, ack 2358684749, win 65535, length 0
14:22:09.988002 eth0  In  IP 192.0.2.123.80 > 192.0.2.10.49852: Flags [S.], seq 9693263, ack 2358684750, win 65535, length 0
14:22:09.988004 eth0  In  IP 192.0.2.123.80 > 192.0.2.10.49852: Flags [S.], seq 9693263, ack 2358684751, win 65535, length 0
14:22:09.988005 eth0  In  IP 192.0.2.123.80 > 192.0.2.10.49852: Flags [S.], seq 9693263, ack 2358684752, win 65535, length 0
14:22:09.988007 eth0  In  IP 192.0.2.123.80 > 192.0.2.10.49852: Flags [S.], seq 9693263, ack 2358684753, win 65535, length 0
14:22:09.988008 eth0  In  IP 192.0.2.123.80 > 192.0.2.10.49852: Flags [S.], seq 9693263, ack 2358684754, win 65535, length 0
14:22:09.988010 eth0  In  IP 192.0.2.123.80 > 192.0.2.10.49852: Flags [S.], seq 9693263, ack 2358684755, win 65535, length 0
14:22:09.988316 eth0  In  IP 192.0.2.123.80 > 192.0.2.10.49852: Flags [S.], seq 9693263, ack 2358684756, win 65535, length 0
14:22:09.988319 eth0  In  IP 192.0.2.123.80 > 192.0.2.10.49852: Flags [S.], seq 9693263, ack 2358684757, win 65535, length 0
14:22:09.988321 eth0  In  IP 192.0.2.123.80 > 192.0.2.10.49852: Flags [S.], seq 9693263, ack 2358684758, win 65535, length 0
14:22:09.988322 eth0  In  IP 192.0.2.123.80 > 192.0.2.10.49852: Flags [S.], seq 9693263, ack 2358684759, win 65535, length 0
14:22:09.988324 eth0  In  IP 192.0.2.123.80 > 192.0.2.10.49852: Flags [S.], seq 9693263, ack 2358684760, win 65535, length 0
14:22:09.988325 eth0  In  IP 192.0.2.123.80 > 192.0.2.10.49852: Flags [S.], seq 9693263, ack 2358684761, win 65535, length 0
14:22:09.988327 eth0  In  IP 192.0.2.123.80 > 192.0.2.10.49852: Flags [S.], seq 9693263, ack 2358684762, win 65535, length 0
14:22:09.988329 eth0  In  IP 192.0.2.123.80 > 192.0.2.10.49852: Flags [S.], seq 9693263, ack 2358684763, win 65535, length 0
14:22:09.988330 eth0  In  IP 192.0.2.123.80 > 192.0.2.10.49852: Flags [S.], seq 9693263, ack 2358684764, win 65535, length 0
14:22:09.988332 eth0  In  IP 192.0.2.123.80 > 192.0.2.10.49852: Flags [S.], seq 9693263, ack 2358684765, win 65535, length 0
14:22:09.988333 eth0  In  IP 192.0.2.123.80 > 192.0.2.10.49852: Flags [S.], seq 9693263, ack 2358684766, win 65535, length 0
14:22:09.988335 eth0  In  IP 192.0.2.123.80 > 192.0.2.10.49852: Flags [S.], seq 9693263, ack 2358684767, win 65535, length 0
14:22:09.988337 eth0  In  IP 192.0.2.123.80 > 192.0.2.10.49852: Flags [S.], seq 9693263, ack 2358684768, win 65535, length 0
14:22:09.988338 eth0  In  IP 192.0.2.123.80 > 192.0.2.10.49852: Flags [S.], seq 9693263, ack 2358684769, win 65535, length 0
14:22:09.988340 eth0  In  IP 192.0.2.123.80 > 192.0.2.10.49852: Flags [S.], seq 9693263, ack 2358684770, win 65535, length 0
14:22:09.988342 eth0  In  IP 192.0.2.123.80 > 192.0.2.10.49852: Flags [S.], seq 9693263, ack 2358684771, win 65535, length 0
14:22:09.988343 eth0  In  IP 192.0.2.123.80 > 192.0.2.10.49852: Flags [S.], seq 9693263, ack 2358684772, win 65535, length 0
14:22:09.988345 eth0  In  IP 192.0.2.123.80 > 192.0.2.10.49852: Flags [S.], seq 9693263, ack 2358684773, win 65535, length 0
14:22:09.988346 eth0  In  IP 192.0.2.123.80 > 192.0.2.10.49852: Flags [S.], seq 9693263, ack 2358684774, win 65535, length 0
14:22:09.988348 eth0  In  IP 192.0.2.123.80 > 192.0.2.10.49852: Flags [S.], seq 9693263, ack 2358684775, win 65535, length 0
14:22:09.988350 eth0  In  IP 192.0.2.123.80 > 192.0.2.10.49852: Flags [S.], seq 9693263, ack 2358684776, win 65535, length 0
14:22:09.988351 eth0  In  IP 192.0.2.123.80 > 192.0.2.10.49852: Flags [S.], seq 9693263, ack 2358684777, win 65535, length 0
14:22:09.988353 eth0  In  IP 192.0.2.123.80 > 192.0.2.10.49852: Flags [S.], seq 9693263, ack 2358684778, win 65535, length 0
14:22:09.988355 eth0  In  IP 192.0.2.123.80 > 192.0.2.10.49852: Flags [S.], seq 9693263, ack 2358684779, win 65535, length 0
14:22:09.988356 eth0  In  IP 192.0.2.123.80 > 192.0.2.10.49852: Flags [S.], seq 9693263, ack 2358684780, win 65535, length 0
14:22:09.988358 eth0  In  IP 192.0.2.123.80 > 192.0.2.10.49852: Flags [S.], seq 9693263, ack 2358684781, win 65535, length 0
14:22:09.988359 eth0  In  IP 192.0.2.123.80 > 192.0.2.10.49852: Flags [S.], seq 9693263, ack 2358684782, win 65535, length 0
14:22:09.988361 eth0  In  IP 192.0.2.123.80 > 192.0.2.10.49852: Flags [S.], seq 9693263, ack 2358684783, win 65535, length 0
14:22:09.988363 eth0  In  IP 192.0.2.123.80 > 192.0.2.10.49852: Flags [S.], seq 9693263, ack 2358684784, win 65535, length 0
14:22:09.988364 eth0  In  IP 192.0.2.123.80 > 192.0.2.10.49852: Flags [S.], seq 9693263, ack 2358684785, win 65535, length 0
14:22:09.988366 eth0  In  IP 192.0.2.123.80 > 192.0.2.10.49852: Flags [S.], seq 9693263, ack 2358684786, win 65535, length 0
14:22:09.988368 eth0  In  IP 192.0.2.123.80 > 192.0.2.10.49852: Flags [S.], seq 9693263, ack 2358684787, win 65535, length 0
14:22:09.988672 eth0  In  IP 192.0.2.123.80 > 192.0.2.10.49852: Flags [S.], seq 9693263, ack 2358684788, win 65535, length 0
14:22:09.988673 eth0  In  IP 192.0.2.123.80 > 192.0.2.10.49852: Flags [S.], seq 9693263, ack 2358684789, win 65535, length 0
14:22:09.988675 eth0  In  IP 192.0.2.123.80 > 192.0.2.10.49852: Flags [S.], seq 9693263, ack 2358684790, win 65535, length 0
14:22:09.988677 eth0  In  IP 192.0.2.123.80 > 192.0.2.10.49852: Flags [S.], seq 9693263, ack 2358684791, win 65535, length 0
14:22:09.988678 eth0  In  IP 192.0.2.123.80 > 192.0.2.10.49852: Flags [S.], seq 9693263, ack 2358684792, win 65535, length 0
14:22:09.988680 eth0  In  IP 192.0.2.123.80 > 192.0.2.10.49852: Flags [S.], seq 9693263, ack 2358684793, win 65535, length 0
14:22:09.988682 eth0  In  IP 192.0.2.123.80 > 192.0.2.10.49852: Flags [S.], seq 9693263, ack 2358684794, win 65535, length 0
14:22:09.988683 eth0  In  IP 192.0.2.123.80 > 192.0.2.10.49852: Flags [S.], seq 9693263, ack 2358684795, win 65535, length 0
14:22:09.988685 eth0  In  IP 192.0.2.123.80 > 192.0.2.10.49852: Flags [S.], seq 9693263, ack 2358684796, win 65535, length 0
14:22:09.988686 eth0  In  IP 192.0.2.123.80 > 192.0.2.10.49852: Flags [S.], seq 9693263, ack 2358684797, win 65535, length 0
14:22:09.988688 eth0  In  IP 192.0.2.123.80 > 192.0.2.10.49852: Flags [S.], seq 9693263, ack 2358684798, win 65535, length 0
14:22:09.988690 eth0  In  IP 192.0.2.123.80 > 192.0.2.10.49852: Flags [S.], seq 9693263, ack 2358684799, win 65535, length 0
14:22:09.988692 eth0  In  IP 192.0.2.123.80 > 192.0.2.10.49852: Flags [S.], seq 9693263, ack 2358684800, win 65535, length 0
14:22:09.988693 eth0  In  IP 192.0.2.123.80 > 192.0.2.10.49852: Flags [S.], seq 9693263, ack 2358684801, win 65535, length 0
14:22:09.988695 eth0  In  IP 192.0.2.123.80 > 192.0.2.10.49852: Flags [S.], seq 9693263, ack 2358684802, win 65535, length 0
14:22:09.988696 eth0  In  IP 192.0.2.123.80 > 192.0.2.10.49852: Flags [S.], seq 9693263, ack 2358684803, win 65535, length 0
14:22:09.988698 eth0  In  IP 192.0.2.123.80 > 192.0.2.10.49852: Flags [S.], seq 9693263, ack 2358684804, win 65535, length 0
14:22:09.988700 eth0  In  IP 192.0.2.123.80 > 192.0.2.10.49852: Flags [S.], seq 9693263, ack 2358684805, win 65535, length 0
14:22:09.988701 eth0  In  IP 192.0.2.123.80 > 192.0.2.10.49852: Flags [S.], seq 9693263, ack 2358684806, win 65535, length 0
14:22:09.988703 eth0  In  IP 192.0.2.123.80 > 192.0.2.10.49852: Flags [S.], seq 9693263, ack 2358684807, win 65535, length 0
14:22:09.988705 eth0  In  IP 192.0.2.123.80 > 192.0.2.10.49852: Flags [S.], seq 9693263, ack 2358684808, win 65535, length 0
14:22:09.988706 eth0  In  IP 192.0.2.123.80 > 192.0.2.10.49852: Flags [S.], seq 9693263, ack 2358684809, win 65535, length 0
14:22:09.988708 eth0  In  IP 192.0.2.123.80 > 192.0.2.10.49852: Flags [S.], seq 9693263, ack 2358684810, win 65535, length 0
14:22:09.988709 eth0  In  IP 192.0.2.123.80 > 192.0.2.10.49852: Flags [S.], seq 9693263, ack 2358684811, win 65535, length 0
14:22:09.988711 eth0  In  IP 192.0.2.123.80 > 192.0.2.10.49852: Flags [S.], seq 9693263, ack 2358684812, win 65535, length 0
14:22:09.988713 eth0  In  IP 192.0.2.123.80 > 192.0.2.10.49852: Flags [S.], seq 9693263, ack 2358684813, win 65535, length 0
14:22:09.988714 eth0  In  IP 192.0.2.123.80 > 192.0.2.10.49852: Flags [S.], seq 9693263, ack 2358684814, win 65535, length 0
14:22:09.988716 eth0  In  IP 192.0.2.123.80 > 192.0.2.10.49852: Flags [S.], seq 9693263, ack 2358684815, win 65535, length 0
14:22:09.988718 eth0  In  IP 192.0.2.123.80 > 192.0.2.10.49852: Flags [S.], seq 9693263, ack 2358684816, win 65535, length 0
14:22:09.988719 eth0  In  IP 192.0.2.123.80 > 192.0.2.10.49852: Flags [S.], seq 9693263, ack 2358684817, win 65535, length 0
14:22:09.988721 eth0  In  IP 192.0.2.123.80 > 192.0.2.10.49852: Flags [S.], seq 9693263, ack 2358684818, win 65535, length 0
14:22:09.988722 eth0  In  IP 192.0.2.123.80 > 192.0.2.10.49852: Flags [S.], seq 9693263, ack 2358684819, win 65535, length 0
14:22:09.989026 eth0  In  IP 192.0.2.123.80 > 192.0.2.10.49852: Flags [S.], seq 9693263, ack 2358684820, win 65535, length 0
14:22:09.989028 eth0  In  IP 192.0.2.123.80 > 192.0.2.10.49852: Flags [S.], seq 9693263, ack 2358684821, win 65535, length 0
14:22:09.989030 eth0  In  IP 192.0.2.123.80 > 192.0.2.10.49852: Flags [S.], seq 9693263, ack 2358684822, win 65535, length 0
14:22:09.989032 eth0  In  IP 192.0.2.123.80 > 192.0.2.10.49852: Flags [S.], seq 9693263, ack 2358684823, win 65535, length 0
14:22:09.989033 eth0  In  IP 192.0.2.123.80 > 192.0.2.10.49852: Flags [S.], seq 9693263, ack 2358684824, win 65535, length 0
14:22:09.989035 eth0  In  IP 192.0.2.123.80 > 192.0.2.10.49852: Flags [S.], seq 9693263, ack 2358684825, win 65535, length 0
14:22:09.989036 eth0  In  IP 192.0.2.123.80 > 192.0.2.10.49852: Flags [S.], seq 9693263, ack 2358684826, win 65535, length 0
14:22:09.989038 eth0  In  IP 192.0.2.123.80 > 192.0.2.10.49852: Flags [S.], seq 9693263, ack 2358684827, win 65535, length 0
14:22:09.989040 eth0  In  IP 192.0.2.123.80 > 192.0.2.10.49852: Flags [S.], seq 9693263, ack 2358684828, win 65535, length 0
14:22:09.989041 eth0  In  IP 192.0.2.123.80 > 192.0.2.10.49852: Flags [S.], seq 9693263, ack 2358684829, win 65535, length 0
14:22:09.989043 eth0  In  IP 192.0.2.123.80 > 192.0.2.10.49852: Flags [S.], seq 9693263, ack 2358684830, win 65535, length 0
14:22:09.989045 eth0  In  IP 192.0.2.123.80 > 192.0.2.10.49852: Flags [S.], seq 9693263, ack 2358684831, win 65535, length 0
14:22:09.989046 eth0  In  IP 192.0.2.123.80 > 192.0.2.10.49852: Flags [S.], seq 9693263, ack 2358684832, win 65535, length 0
14:22:09.989048 eth0  In  IP 192.0.2.123.80 > 192.0.2.10.49852: Flags [S.], seq 9693263, ack 2358684833, win 65535, length 0
14:22:09.989049 eth0  In  IP 192.0.2.123.80 > 192.0.2.10.49852: Flags [S.], seq 9693263, ack 2358684834, win 65535, length 0
14:22:09.989051 eth0  In  IP 192.0.2.123.80 > 192.0.2.10.49852: Flags [S.], seq 9693263, ack 2358684835, win 65535, length 0
14:22:09.989053 eth0  In  IP 192.0.2.123.80 > 192.0.2.10.49852: Flags [S.], seq 9693263, ack 2358684836, win 65535, length 0
14:22:09.989054 eth0  In  IP 192.0.2.123.80 > 192.0.2.10.49852: Flags [S.], seq 9693263, ack 2358684837, win 65535, length 0
14:22:09.989056 eth0  In  IP 192.0.2.123.80 > 192.0.2.10.49852: Flags [S.], seq 9693263, ack 2358684838, win 65535, length 0
14:22:09.989058 eth0  In  IP 192.0.2.123.80 > 192.0.2.10.49852: Flags [S.], seq 9693263, ack 2358684839, win 65535, length 0
14:22:09.989059 eth0  In  IP 192.0.2.123.80 > 192.0.2.10.49852: Flags [S.], seq 9693263, ack 2358684840, win 65535, length 0
14:22:09.989061 eth0  In  IP 192.0.2.123.80 > 192.0.2.10.49852: Flags [S.], seq 9693263, ack 2358684841, win 65535, length 0
14:22:09.989063 eth0  In  IP 192.0.2.123.80 > 192.0.2.10.49852: Flags [S.], seq 9693263, ack 2358684842, win 65535, length 0
14:22:09.989064 eth0  In  IP 192.0.2.123.80 > 192.0.2.10.49852: Flags [S.], seq 9693263, ack 2358684843, win 65535, length 0
14:22:09.989066 eth0  In  IP 192.0.2.123.80 > 192.0.2.10.49852: Flags [S.], seq 9693263, ack 2358684844, win 65535, length 0
14:22:09.989068 eth0  In  IP 192.0.2.123.80 > 192.0.2.10.49852: Flags [S.], seq 9693263, ack 2358684845, win 65535, length 0
14:22:09.989069 eth0  In  IP 192.0.2.123.80 > 192.0.2.10.49852: Flags [S.], seq 9693263, ack 2358684846, win 65535, length 0
14:22:09.989071 eth0  In  IP 192.0.2.123.80 > 192.0.2.10.49852: Flags [S.], seq 9693263, ack 2358684847, win 65535, length 0
14:22:09.989072 eth0  In  IP 192.0.2.123.80 > 192.0.2.10.49852: Flags [S.], seq 9693263, ack 2358684848, win 65535, length 0
14:22:09.989074 eth0  In  IP 192.0.2.123.80 > 192.0.2.10.49852: Flags [S.], seq 9693263, ack 2358684849, win 65535, length 0
14:22:09.989076 eth0  In  IP 192.0.2.123.80 > 192.0.2.10.49852: Flags [S.], seq 9693263, ack 2358684850, win 65535, length 0
14:22:09.989077 eth0  In  IP 192.0.2.123.80 > 192.0.2.10.49852: Flags [S.], seq 9693263, ack 2358684851, win 65535, length 0
14:22:09.989381 eth0  In  IP 192.0.2.123.80 > 192.0.2.10.49852: Flags [S.], seq 9693263, ack 2358684852, win 65535, length 0
14:22:09.989383 eth0  In  IP 192.0.2.123.80 > 192.0.2.10.49852: Flags [S.], seq 9693263, ack 2358684853, win 65535, length 0
14:22:09.989385 eth0  In  IP 192.0.2.123.80 > 192.0.2.10.49852: Flags [S.], seq 9693263, ack 2358684854, win 65535, length 0
14:22:09.989386 eth0  In  IP 192.0.2.123.80 > 192.0.2.10.49852: Flags [S.], seq 9693263, ack 2358684855, win 65535, length 0
14:22:09.989388 eth0  In  IP 192.0.2.123.80 > 192.0.2.10.49852: Flags [S.], seq 9693263, ack 2358684856, win 65535, length 0
14:22:09.989390 eth0  In  IP 192.0.2.123.80 > 192.0.2.10.49852: Flags [S.], seq 9693263, ack 2358684857, win 65535, length 0
14:22:09.989391 eth0  In  IP 192.0.2.123.80 > 192.0.2.10.49852: Flags [S.], seq 9693263, ack 2358684858, win 65535, length 0
14:22:09.989393 eth0  In  IP 192.0.2.123.80 > 192.0.2.10.49852: Flags [S.], seq 9693263, ack 2358684859, win 65535, length 0
14:22:09.989394 eth0  In  IP 192.0.2.123.80 > 192.0.2.10.49852: Flags [S.], seq 9693263, ack 2358684860, win 65535, length 0
14:22:09.989396 eth0  In  IP 192.0.2.123.80 > 192.0.2.10.49852: Flags [S.], seq 9693263, ack 2358684861, win 65535, length 0
14:22:09.989398 eth0  In  IP 192.0.2.123.80 > 192.0.2.10.49852: Flags [S.], seq 9693263, ack 2358684862, win 65535, length 0
14:22:09.989399 eth0  In  IP 192.0.2.123.80 > 192.0.2.10.49852: Flags [S.], seq 9693263, ack 2358684863, win 65535, length 0
14:22:09.989401 eth0  In  IP 192.0.2.123.80 > 192.0.2.10.49852: Flags [S.], seq 9693263, ack 2358684864, win 65535, length 0
14:22:09.989403 eth0  In  IP 192.0.2.123.80 > 192.0.2.10.49852: Flags [S.], seq 9693263, ack 2358684865, win 65535, length 0
14:22:09.989404 eth0  In  IP 192.0.2.123.80 > 192.0.2.10.49852: Flags [S.], seq 9693263, ack 2358684866, win 65535, length 0
14:22:09.989406 eth0  In  IP 192.0.2.123.80 > 192.0.2.10.49852: Flags [S.], seq 9693263, ack 2358684867, win 65535, length 0
14:22:09.989407 eth0  In  IP 192.0.2.123.80 > 192.0.2.10.49852: Flags [S.], seq 9693263, ack 2358684868, win 65535, length 0
14:22:09.989409 eth0  In  IP 192.0.2.123.80 > 192.0.2.10.49852: Flags [S.], seq 9693263, ack 2358684869, win 65535, length 0
14:22:09.989411 eth0  In  IP 192.0.2.123.80 > 192.0.2.10.49852: Flags [S.], seq 9693263, ack 2358684870, win 65535, length 0
14:22:09.989412 eth0  In  IP 192.0.2.123.80 > 192.0.2.10.49852: Flags [S.], seq 9693263, ack 2358684871, win 65535, length 0
14:22:09.989414 eth0  In  IP 192.0.2.123.80 > 192.0.2.10.49852: Flags [S.], seq 9693263, ack 2358684872, win 65535, length 0
14:22:09.989416 eth0  In  IP 192.0.2.123.80 > 192.0.2.10.49852: Flags [S.], seq 9693263, ack 2358684873, win 65535, length 0
14:22:09.989417 eth0  In  IP 192.0.2.123.80 > 192.0.2.10.49852: Flags [S.], seq 9693263, ack 2358684874, win 65535, length 0
14:22:09.989419 eth0  In  IP 192.0.2.123.80 > 192.0.2.10.49852: Flags [S.], seq 9693263, ack 2358684875, win 65535, length 0
14:22:09.989421 eth0  In  IP 192.0.2.123.80 > 192.0.2.10.49852: Flags [S.], seq 9693263, ack 2358684876, win 65535, length 0
14:22:09.989422 eth0  In  IP 192.0.2.123.80 > 192.0.2.10.49852: Flags [S.], seq 9693263, ack 2358684877, win 65535, length 0
14:22:09.989424 eth0  In  IP 192.0.2.123.80 > 192.0.2.10.49852: Flags [S.], seq 9693263, ack 2358684878, win 65535, length 0
14:22:09.989425 eth0  In  IP 192.0.2.123.80 > 192.0.2.10.49852: Flags [S.], seq 9693263, ack 2358684879, win 65535, length 0
14:22:09.989427 eth0  In  IP 192.0.2.123.80 > 192.0.2.10.49852: Flags [S.], seq 9693263, ack 2358684880, win 65535, length 0
14:22:09.989429 eth0  In  IP 192.0.2.123.80 > 192.0.2.10.49852: Flags [S.], seq 9693263, ack 2358684881, win 65535, length 0
14:22:09.989430 eth0  In  IP 192.0.2.123.80 > 192.0.2.10.49852: Flags [S.], seq 9693263, ack 2358684882, win 65535, length 0
14:22:09.989432 eth0  In  IP 192.0.2.123.80 > 192.0.2.10.49852: Flags [S.], seq 9693263, ack 2358684883, win 65535, length 0
14:22:09.989736 eth0  In  IP 192.0.2.123.80 > 192.0.2.10.49852: Flags [S.], seq 9693263, ack 2358684884, win 65535, length 0
14:22:09.989738 eth0  In  IP 192.0.2.123.80 > 192.0.2.10.49852: Flags [S.], seq 9693263, ack 2358684885, win 65535, length 0
14:22:09.989739 eth0  In  IP 192.0.2.123.80 > 192.0.2.10.49852: Flags [S.], seq 9693263, ack 2358684886, win 65535, length 0
14:22:09.989741 eth0  In  IP 192.0.2.123.80 > 192.0.2.10.49852: Flags [S.], seq 9693263, ack 2358684887, win 65535, length 0
14:22:09.989743 eth0  In  IP 192.0.2.123.80 > 192.0.2.10.49852: Flags [S.], seq 9693263, ack 2358684888, win 65535, length 0
14:22:09.989744 eth0  In  IP 192.0.2.123.80 > 192.0.2.10.49852: Flags [S.], seq 9693263, ack 2358684889, win 65535, length 0
14:22:09.989746 eth0  In  IP 192.0.2.123.80 > 192.0.2.10.49852: Flags [S.], seq 9693263, ack 2358684890, win 65535, length 0
14:22:09.989748 eth0  In  IP 192.0.2.123.80 > 192.0.2.10.49852: Flags [S.], seq 9693263, ack 2358684891, win 65535, length 0
14:22:09.989749 eth0  In  IP 192.0.2.123.80 > 192.0.2.10.49852: Flags [S.], seq 9693263, ack 2358684892, win 65535, length 0
14:22:09.989751 eth0  In  IP 192.0.2.123.80 > 192.0.2.10.49852: Flags [S.], seq 9693263, ack 2358684893, win 65535, length 0
14:22:09.989752 eth0  In  IP 192.0.2.123.80 > 192.0.2.10.49852: Flags [S.], seq 9693263, ack 2358684894, win 65535, length 0
14:22:09.989754 eth0  In  IP 192.0.2.123.80 > 192.0.2.10.49852: Flags [S.], seq 9693263, ack 2358684895, win 65535, length 0
14:22:09.989756 eth0  In  IP 192.0.2.123.80 > 192.0.2.10.49852: Flags [S.], seq 9693263, ack 2358684896, win 65535, length 0
14:22:09.989757 eth0  In  IP 192.0.2.123.80 > 192.0.2.10.49852: Flags [S.], seq 9693263, ack 2358684897, win 65535, length 0
14:22:09.989759 eth0  In  IP 192.0.2.123.80 > 192.0.2.10.49852: Flags [S.], seq 9693263, ack 2358684898, win 65535, length 0
14:22:09.989761 eth0  In  IP 192.0.2.123.80 > 192.0.2.10.49852: Flags [S.], seq 9693263, ack 2358684899, win 65535, length 0
14:22:09.989762 eth0  In  IP 192.0.2.123.80 > 192.0.2.10.49852: Flags [S.], seq 9693263, ack 2358684900, win 65535, length 0
14:22:09.989764 eth0  In  IP 192.0.2.123.80 > 192.0.2.10.49852: Flags [S.], seq 9693263, ack 2358684901, win 65535, length 0
14:22:09.989765 eth0  In  IP 192.0.2.123.80 > 192.0.2.10.49852: Flags [S.], seq 9693263, ack 2358684902, win 65535, length 0
14:22:09.989767 eth0  In  IP 192.0.2.123.80 > 192.0.2.10.49852: Flags [S.], seq 9693263, ack 2358684903, win 65535, length 0
14:22:09.989769 eth0  In  IP 192.0.2.123.80 > 192.0.2.10.49852: Flags [S.], seq 9693263, ack 2358684904, win 65535, length 0
14:22:09.989770 eth0  In  IP 192.0.2.123.80 > 192.0.2.10.49852: Flags [S.], seq 9693263, ack 2358684905, win 65535, length 0
14:22:09.989772 eth0  In  IP 192.0.2.123.80 > 192.0.2.10.49852: Flags [S.], seq 9693263, ack 2358684906, win 65535, length 0
14:22:09.989773 eth0  In  IP 192.0.2.123.80 > 192.0.2.10.49852: Flags [S.], seq 9693263, ack 2358684907, win 65535, length 0
14:22:09.989775 eth0  In  IP 192.0.2.123.80 > 192.0.2.10.49852: Flags [S.], seq 9693263, ack 2358684908, win 65535, length 0
14:22:09.989777 eth0  In  IP 192.0.2.123.80 > 192.0.2.10.49852: Flags [S.], seq 9693263, ack 2358684909, win 65535, length 0
14:22:09.989778 eth0  In  IP 192.0.2.123.80 > 192.0.2.10.49852: Flags [S.], seq 9693263, ack 2358684910, win 65535, length 0
14:22:09.989780 eth0  In  IP 192.0.2.123.80 > 192.0.2.10.49852: Flags [S.], seq 9693263, ack 2358684911, win 65535, length 0
14:22:09.989781 eth0  In  IP 192.0.2.123.80 > 192.0.2.10.49852: Flags [S.], seq 9693263, ack 2358684912, win 65535, length 0
14:22:09.989783 eth0  In  IP 192.0.2.123.80 > 192.0.2.10.49852: Flags [S.], seq 9693263, ack 2358684913, win 65535, length 0
14:22:09.989785 eth0  In  IP 192.0.2.123.80 > 192.0.2.10.49852: Flags [S.], seq 9693263, ack 2358684914, win 65535, length 0
14:22:09.989787 eth0  In  IP 192.0.2.123.80 > 192.0.2.10.49852: Flags [S.], seq 9693263, ack 2358684915, win 65535, length 0
14:22:09.990091 eth0  In  IP 192.0.2.123.80 > 192.0.2.10.49852: Flags [S.], seq 9693263, ack 2358684916, win 65535, length 0
14:22:09.990093 eth0  In  IP 192.0.2.123.80 > 192.0.2.10.49852: Flags [S.], seq 9693263, ack 2358684917, win 65535, length 0
14:22:09.990094 eth0  In  IP 192.0.2.123.80 > 192.0.2.10.49852: Flags [S.], seq 9693263, ack 2358684918, win 65535, length 0
14:22:09.990096 eth0  In  IP 192.0.2.123.80 > 192.0.2.10.49852: Flags [S.], seq 9693263, ack 2358684919, win 65535, length 0
14:22:09.990098 eth0  In  IP 192.0.2.123.80 > 192.0.2.10.49852: Flags [S.], seq 9693263, ack 2358684920, win 65535, length 0
14:22:09.990099 eth0  In  IP 192.0.2.123.80 > 192.0.2.10.49852: Flags [S.], seq 9693263, ack 2358684921, win 65535, length 0
14:22:09.990101 eth0  In  IP 192.0.2.123.80 > 192.0.2.10.49852: Flags [S.], seq 9693263, ack 2358684922, win 65535, length 0
14:22:09.990102 eth0  In  IP 192.0.2.123.80 > 192.0.2.10.49852: Flags [S.], seq 9693263, ack 2358684923, win 65535, length 0
14:22:09.990104 eth0  In  IP 192.0.2.123.80 > 192.0.2.10.49852: Flags [S.], seq 9693263, ack 2358684924, win 65535, length 0
14:22:09.990106 eth0  In  IP 192.0.2.123.80 > 192.0.2.10.49852: Flags [S.], seq 9693263, ack 2358684925, win 65535, length 0
14:22:09.990107 eth0  In  IP 192.0.2.123.80 > 192.0.2.10.49852: Flags [S.], seq 9693263, ack 2358684926, win 65535, length 0
14:22:09.990109 eth0  In  IP 192.0.2.123.80 > 192.0.2.10.49852: Flags [S.], seq 9693263, ack 2358684927, win 65535, length 0
14:22:09.990111 eth0  In  IP 192.0.2.123.80 > 192.0.2.10.49852: Flags [S.], seq 9693263, ack 2358684928, win 65535, length 0
14:22:09.990112 eth0  In  IP 192.0.2.123.80 > 192.0.2.10.49852: Flags [S.], seq 9693263, ack 2358684929, win 65535, length 0
14:22:09.990114 eth0  In  IP 192.0.2.123.80 > 192.0.2.10.49852: Flags [S.], seq 9693263, ack 2358684930, win 65535, length 0
14:22:09.990115 eth0  In  IP 192.0.2.123.80 > 192.0.2.10.49852: Flags [S.], seq 9693263, ack 2358684931, win 65535, length 0
14:22:09.990117 eth0  In  IP 192.0.2.123.80 > 192.0.2.10.49852: Flags [S.], seq 9693263, ack 2358684932, win 65535, length 0
14:22:09.990119 eth0  In  IP 192.0.2.123.80 > 192.0.2.10.49852: Flags [S.], seq 9693263, ack 2358684933, win 65535, length 0
14:22:09.990120 eth0  In  IP 192.0.2.123.80 > 192.0.2.10.49852: Flags [S.], seq 9693263, ack 2358684934, win 65535, length 0
14:22:09.990122 eth0  In  IP 192.0.2.123.80 > 192.0.2.10.49852: Flags [S.], seq 9693263, ack 2358684935, win 65535, length 0
14:22:09.990123 eth0  In  IP 192.0.2.123.80 > 192.0.2.10.49852: Flags [S.], seq 9693263, ack 2358684936, win 65535, length 0
14:22:09.990125 eth0  In  IP 192.0.2.123.80 > 192.0.2.10.49852: Flags [S.], seq 9693263, ack 2358684937, win 65535, length 0
14:22:09.990127 eth0  In  IP 192.0.2.123.80 > 192.0.2.10.49852: Flags [S.], seq 9693263, ack 2358684938, win 65535, length 0
14:22:09.990128 eth0  In  IP 192.0.2.123.80 > 192.0.2.10.49852: Flags [S.], seq 9693263, ack 2358684939, win 65535, length 0
14:22:09.990130 eth0  In  IP 192.0.2.123.80 > 192.0.2.10.49852: Flags [S.], seq 9693263, ack 2358684940, win 65535, length 0
14:22:09.990132 eth0  In  IP 192.0.2.123.80 > 192.0.2.10.49852: Flags [S.], seq 9693263, ack 2358684941, win 65535, length 0
14:22:09.990133 eth0  In  IP 192.0.2.123.80 > 192.0.2.10.49852: Flags [S.], seq 9693263, ack 2358684942, win 65535, length 0
14:22:09.990135 eth0  In  IP 192.0.2.123.80 > 192.0.2.10.49852: Flags [S.], seq 9693263, ack 2358684943, win 65535, length 0
14:22:09.990136 eth0  In  IP 192.0.2.123.80 > 192.0.2.10.49852: Flags [S.], seq 9693263, ack 2358684944, win 65535, length 0
14:22:09.990138 eth0  In  IP 192.0.2.123.80 > 192.0.2.10.49852: Flags [S.], seq 9693263, ack 2358684945, win 65535, length 0
14:22:09.990140 eth0  In  IP 192.0.2.123.80 > 192.0.2.10.49852: Flags [S.], seq 9693263, ack 2358684946, win 65535, length 0
14:22:09.990141 eth0  In  IP 192.0.2.123.80 > 192.0.2.10.49852: Flags [S.], seq 9693263, ack 2358684947, win 65535, length 0
14:22:09.990445 eth0  In  IP 192.0.2.123.80 > 192.0.2.10.49852: Flags [S.], seq 9693263, ack 2358684948, win 65535, length 0
14:22:09.990447 eth0  In  IP 192.0.2.123.80 > 192.0.2.10.49852: Flags [S.], seq 9693263, ack 2358684949, win 65535, length 0
14:22:09.990449 eth0  In  IP 192.0.2.123.80 > 192.0.2.10.49852: Flags [S.], seq 9693263, ack 2358684950, win 65535, length 0
14:22:09.990450 eth0  In  IP 192.0.2.123.80 > 192.0.2.10.49852: Flags [S.], seq 9693263, ack 2358684951, win 65535, length 0
14:22:09.990452 eth0  In  IP 192.0.2.123.80 > 192.0.2.10.49852: Flags [S.], seq 9693263, ack 2358684952, win 65535, length 0
14:22:09.990454 eth0  In  IP 192.0.2.123.80 > 192.0.2.10.49852: Flags [S.], seq 9693263, ack 2358684953, win 65535, length 0
14:22:09.990456 eth0  In  IP 192.0.2.123.80 > 192.0.2.10.49852: Flags [S.], seq 9693263, ack 2358684954, win 65535, length 0
14:22:09.990457 eth0  In  IP 192.0.2.123.80 > 192.0.2.10.49852: Flags [S.], seq 9693263, ack 2358684955, win 65535, length 0
14:22:09.990459 eth0  In  IP 192.0.2.123.80 > 192.0.2.10.49852: Flags [S.], seq 9693263, ack 2358684956, win 65535, length 0
14:22:09.990460 eth0  In  IP 192.0.2.123.80 > 192.0.2.10.49852: Flags [S.], seq 9693263, ack 2358684957, win 65535, length 0
14:22:09.990462 eth0  In  IP 192.0.2.123.80 > 192.0.2.10.49852: Flags [S.], seq 9693263, ack 2358684958, win 65535, length 0
14:22:09.990464 eth0  In  IP 192.0.2.123.80 > 192.0.2.10.49852: Flags [S.], seq 9693263, ack 2358684959, win 65535, length 0
14:22:09.990465 eth0  In  IP 192.0.2.123.80 > 192.0.2.10.49852: Flags [S.], seq 9693263, ack 2358684960, win 65535, length 0
14:22:09.990467 eth0  In  IP 192.0.2.123.80 > 192.0.2.10.49852: Flags [S.], seq 9693263, ack 2358684961, win 65535, length 0
14:22:09.990469 eth0  In  IP 192.0.2.123.80 > 192.0.2.10.49852: Flags [S.], seq 9693263, ack 2358684962, win 65535, length 0
14:22:09.990470 eth0  In  IP 192.0.2.123.80 > 192.0.2.10.49852: Flags [S.], seq 9693263, ack 2358684963, win 65535, length 0
14:22:09.990472 eth0  In  IP 192.0.2.123.80 > 192.0.2.10.49852: Flags [S.], seq 9693263, ack 2358684964, win 65535, length 0
14:22:09.990473 eth0  In  IP 192.0.2.123.80 > 192.0.2.10.49852: Flags [S.], seq 9693263, ack 2358684965, win 65535, length 0
14:22:09.990475 eth0  In  IP 192.0.2.123.80 > 192.0.2.10.49852: Flags [S.], seq 9693263, ack 2358684966, win 65535, length 0
14:22:09.990477 eth0  In  IP 192.0.2.123.80 > 192.0.2.10.49852: Flags [S.], seq 9693263, ack 2358684967, win 65535, length 0
14:22:09.990478 eth0  In  IP 192.0.2.123.80 > 192.0.2.10.49852: Flags [S.], seq 9693263, ack 2358684968, win 65535, length 0
14:22:09.990480 eth0  In  IP 192.0.2.123.80 > 192.0.2.10.49852: Flags [S.], seq 9693263, ack 2358684969, win 65535, length 0
14:22:09.990481 eth0  In  IP 192.0.2.123.80 > 192.0.2.10.49852: Flags [S.], seq 9693263, ack 2358684970, win 65535, length 0
14:22:09.990483 eth0  In  IP 192.0.2.123.80 > 192.0.2.10.49852: Flags [S.], seq 9693263, ack 2358684971, win 65535, length 0
14:22:09.990485 eth0  In  IP 192.0.2.123.80 > 192.0.2.10.49852: Flags [S.], seq 9693263, ack 2358684972, win 65535, length 0
14:22:09.990486 eth0  In  IP 192.0.2.123.80 > 192.0.2.10.49852: Flags [S.], seq 9693263, ack 2358684973, win 65535, length 0
14:22:09.990488 eth0  In  IP 192.0.2.123.80 > 192.0.2.10.49852: Flags [S.], seq 9693263, ack 2358684974, win 65535, length 0
14:22:09.990490 eth0  In  IP 192.0.2.123.80 > 192.0.2.10.49852: Flags [S.], seq 9693263, ack 2358684975, win 65535, length 0
14:22:09.990491 eth0  In  IP 192.0.2.123.80 > 192.0.2.10.49852: Flags [S.], seq 9693263, ack 2358684976, win 65535, length 0
14:22:09.990493 eth0  In  IP 192.0.2.123.80 > 192.0.2.10.49852: Flags [S.], seq 9693263, ack 2358684977, win 65535, length 0
14:22:09.990494 eth0  In  IP 192.0.2.123.80 > 192.0.2.10.49852: Flags [S.], seq 9693263, ack 2358684978, win 65535, length 0
14:22:09.990496 eth0  In  IP 192.0.2.123.80 > 192.0.2.10.49852: Flags [S.], seq 9693263, ack 2358684979, win 65535, length 0
14:22:09.990800 eth0  In  IP 192.0.2.123.80 > 192.0.2.10.49852: Flags [S.], seq 9693263, ack 2358684980, win 65535, length 0
14:22:09.990802 eth0  In  IP 192.0.2.123.80 > 192.0.2.10.49852: Flags [S.], seq 9693263, ack 2358684981, win 65535, length 0
14:22:09.990804 eth0  In  IP 192.0.2.123.80 > 192.0.2.10.49852: Flags [S.], seq 9693263, ack 2358684982, win 65535, length 0
14:22:09.990805 eth0  In  IP 192.0.2.123.80 > 192.0.2.10.49852: Flags [S.], seq 9693263, ack 2358684983, win 65535, length 0
14:22:09.990807 eth0  In  IP 192.0.2.123.80 > 192.0.2.10.49852: Flags [S.], seq 9693263, ack 2358684984, win 65535, length 0
14:22:09.990808 eth0  In  IP 192.0.2.123.80 > 192.0.2.10.49852: Flags [S.], seq 9693263, ack 2358684985, win 65535, length 0
14:22:09.990810 eth0  In  IP 192.0.2.123.80 > 192.0.2.10.49852: Flags [S.], seq 9693263, ack 2358684986, win 65535, length 0
14:22:09.990812 eth0  In  IP 192.0.2.123.80 > 192.0.2.10.49852: Flags [S.], seq 9693263, ack 2358684987, win 65535, length 0
14:22:09.990813 eth0  In  IP 192.0.2.123.80 > 192.0.2.10.49852: Flags [S.], seq 9693263, ack 2358684988, win 65535, length 0
14:22:09.990815 eth0  In  IP 192.0.2.123.80 > 192.0.2.10.49852: Flags [S.], seq 9693263, ack 2358684989, win 65535, length 0
14:22:09.990817 eth0  In  IP 192.0.2.123.80 > 192.0.2.10.49852: Flags [S.], seq 9693263, ack 2358684990, win 65535, length 0
14:22:09.990818 eth0  In  IP 192.0.2.123.80 > 192.0.2.10.49852: Flags [S.], seq 9693263, ack 2358684991, win 65535, length 0
14:22:09.990820 eth0  In  IP 192.0.2.123.80 > 192.0.2.10.49852: Flags [S.], seq 9693263, ack 2358684992, win 65535, length 0
14:22:09.990824 eth0  In  IP 192.0.2.123.80 > 192.0.2.10.49852: Flags [S.], seq 9693263, ack 2358684993, win 65535, length 0
14:22:09.990826 eth0  In  IP 192.0.2.123.80 > 192.0.2.10.49852: Flags [S.], seq 9693263, ack 2358684994, win 65535, length 0
14:22:09.990828 eth0  In  IP 192.0.2.123.80 > 192.0.2.10.49852: Flags [S.], seq 9693263, ack 2358684995, win 65535, length 0
14:22:09.990829 eth0  In  IP 192.0.2.123.80 > 192.0.2.10.49852: Flags [S.], seq 9693263, ack 2358684996, win 65535, length 0
14:22:09.990831 eth0  In  IP 192.0.2.123.80 > 192.0.2.10.49852: Flags [S.], seq 9693263, ack 2358684997, win 65535, length 0
14:22:09.990833 eth0  In  IP 192.0.2.123.80 > 192.0.2.10.49852: Flags [S.], seq 9693263, ack 2358684998, win 65535, length 0
14:22:09.990834 eth0  In  IP 192.0.2.123.80 > 192.0.2.10.49852: Flags [S.], seq 9693263, ack 2358684999, win 65535, length 0
14:22:09.990836 eth0  In  IP 192.0.2.123.80 > 192.0.2.10.49852: Flags [S.], seq 9693263, ack 2358685000, win 65535, length 0
14:22:09.990837 eth0  In  IP 192.0.2.123.80 > 192.0.2.10.49852: Flags [S.], seq 9693263, ack 2358685001, win 65535, length 0
14:22:09.990839 eth0  In  IP 192.0.2.123.80 > 192.0.2.10.49852: Flags [S.], seq 9693263, ack 2358685002, win 65535, length 0
14:22:09.990841 eth0  In  IP 192.0.2.123.80 > 192.0.2.10.49852: Flags [S.], seq 9693263, ack 2358685003, win 65535, length 0
14:22:09.990842 eth0  In  IP 192.0.2.123.80 > 192.0.2.10.49852: Flags [S.], seq 9693263, ack 2358685004, win 65535, length 0
14:22:09.990844 eth0  In  IP 192.0.2.123.80 > 192.0.2.10.49852: Flags [S.], seq 9693263, ack 2358685005, win 65535, length 0
14:22:09.990845 eth0  In  IP 192.0.2.123.80 > 192.0.2.10.49852: Flags [S.], seq 9693263, ack 2358685006, win 65535, length 0
14:22:09.990847 eth0  In  IP 192.0.2.123.80 > 192.0.2.10.49852: Flags [S.], seq 9693263, ack 2358685007, win 65535, length 0
14:22:09.990849 eth0  In  IP 192.0.2.123.80 > 192.0.2.10.49852: Flags [S.], seq 9693263, ack 2358685008, win 65535, length 0
14:22:09.990850 eth0  In  IP 192.0.2.123.80 > 192.0.2.10.49852: Flags [S.], seq 9693263, ack 2358685009, win 65535, length 0
14:22:09.990852 eth0  In  IP 192.0.2.123.80 > 192.0.2.10.49852: Flags [S.], seq 9693263, ack 2358685010, win 65535, length 0
14:22:09.990854 eth0  In  IP 192.0.2.123.80 > 192.0.2.10.49852: Flags [S.], seq 9693263, ack 2358685011, win 65535, length 0
14:22:09.991158 eth0  In  IP 192.0.2.123.80 > 192.0.2.10.49852: Flags [S.], seq 9693263, ack 2358685012, win 65535, length 0
14:22:09.991159 eth0  In  IP 192.0.2.123.80 > 192.0.2.10.49852: Flags [S.], seq 9693263, ack 2358685013, win 65535, length 0
14:22:09.991161 eth0  In  IP 192.0.2.123.80 > 192.0.2.10.49852: Flags [S.], seq 9693263, ack 2358685014, win 65535, length 0
14:22:09.991163 eth0  In  IP 192.0.2.123.80 > 192.0.2.10.49852: Flags [S.], seq 9693263, ack 2358685015, win 65535, length 0
14:22:09.991164 eth0  In  IP 192.0.2.123.80 > 192.0.2.10.49852: Flags [S.], seq 9693263, ack 2358685016, win 65535, length 0
14:22:09.991166 eth0  In  IP 192.0.2.123.80 > 192.0.2.10.49852: Flags [S.], seq 9693263, ack 2358685017, win 65535, length 0
14:22:09.991168 eth0  In  IP 192.0.2.123.80 > 192.0.2.10.49852: Flags [S.], seq 9693263, ack 2358685018, win 65535, length 0
14:22:09.991169 eth0  In  IP 192.0.2.123.80 > 192.0.2.10.49852: Flags [S.], seq 9693263, ack 2358685019, win 65535, length 0
14:22:09.991171 eth0  In  IP 192.0.2.123.80 > 192.0.2.10.49852: Flags [S.], seq 9693263, ack 2358685020, win 65535, length 0
14:22:09.991172 eth0  In  IP 192.0.2.123.80 > 192.0.2.10.49852: Flags [S.], seq 9693263, ack 2358685021, win 65535, length 0
14:22:09.991174 eth0  In  IP 192.0.2.123.80 > 192.0.2.10.49852: Flags [S.], seq 9693263, ack 2358685022, win 65535, length 0
14:22:09.991176 eth0  In  IP 192.0.2.123.80 > 192.0.2.10.49852: Flags [S.], seq 9693263, ack 2358685023, win 65535, length 0
14:22:09.991177 eth0  In  IP 192.0.2.123.80 > 192.0.2.10.49852: Flags [S.], seq 9693263, ack 2358685024, win 65535, length 0
14:22:09.991179 eth0  In  IP 192.0.2.123.80 > 192.0.2.10.49852: Flags [S.], seq 9693263, ack 2358685025, win 65535, length 0
14:22:09.991180 eth0  In  IP 192.0.2.123.80 > 192.0.2.10.49852: Flags [S.], seq 9693263, ack 2358685026, win 65535, length 0
14:22:09.991182 eth0  In  IP 192.0.2.123.80 > 192.0.2.10.49852: Flags [S.], seq 9693263, ack 2358685027, win 65535, length 0
14:22:09.991184 eth0  In  IP 192.0.2.123.80 > 192.0.2.10.49852: Flags [S.], seq 9693263, ack 2358685028, win 65535, length 0
14:22:09.991185 eth0  In  IP 192.0.2.123.80 > 192.0.2.10.49852: Flags [S.], seq 9693263, ack 2358685029, win 65535, length 0
14:22:09.991187 eth0  In  IP 192.0.2.123.80 > 192.0.2.10.49852: Flags [S.], seq 9693263, ack 2358685030, win 65535, length 0
14:22:09.991189 eth0  In  IP 192.0.2.123.80 > 192.0.2.10.49852: Flags [S.], seq 9693263, ack 2358685031, win 65535, length 0
14:22:09.991190 eth0  In  IP 192.0.2.123.80 > 192.0.2.10.49852: Flags [S.], seq 9693263, ack 2358685032, win 65535, length 0
14:22:09.991192 eth0  In  IP 192.0.2.123.80 > 192.0.2.10.49852: Flags [S.], seq 9693263, ack 2358685033, win 65535, length 0
14:22:09.991193 eth0  In  IP 192.0.2.123.80 > 192.0.2.10.49852: Flags [S.], seq 9693263, ack 2358685034, win 65535, length 0
14:22:09.991199 eth0  In  IP 192.0.2.123.80 > 192.0.2.10.49852: Flags [S.], seq 9693263, ack 2358685035, win 65535, length 0
14:22:09.991201 eth0  In  IP 192.0.2.123.80 > 192.0.2.10.49852: Flags [S.], seq 9693263, ack 2358685036, win 65535, length 0
14:22:09.991203 eth0  In  IP 192.0.2.123.80 > 192.0.2.10.49852: Flags [S.], seq 9693263, ack 2358685037, win 65535, length 0
14:22:09.991204 eth0  In  IP 192.0.2.123.80 > 192.0.2.10.49852: Flags [S.], seq 9693263, ack 2358685038, win 65535, length 0
14:22:09.991206 eth0  In  IP 192.0.2.123.80 > 192.0.2.10.49852: Flags [S.], seq 9693263, ack 2358685039, win 65535, length 0
14:22:09.991207 eth0  In  IP 192.0.2.123.80 > 192.0.2.10.49852: Flags [S.], seq 9693263, ack 2358685040, win 65535, length 0
14:22:09.991209 eth0  In  IP 192.0.2.123.80 > 192.0.2.10.49852: Flags [S.], seq 9693263, ack 2358685041, win 65535, length 0
14:22:09.991211 eth0  In  IP 192.0.2.123.80 > 192.0.2.10.49852: Flags [S.], seq 9693263, ack 2358685042, win 65535, length 0
14:22:09.991212 eth0  In  IP 192.0.2.123.80 > 192.0.2.10.49852: Flags [S.], seq 9693263, ack 2358685043, win 65535, length 0
14:22:09.991516 eth0  In  IP 192.0.2.123.80 > 192.0.2.10.49852: Flags [S.], seq 9693263, ack 2358685044, win 65535, length 0
14:22:09.991518 eth0  In  IP 192.0.2.123.80 > 192.0.2.10.49852: Flags [S.], seq 9693263, ack 2358685045, win 65535, length 0
14:22:09.991520 eth0  In  IP 192.0.2.123.80 > 192.0.2.10.49852: Flags [S.], seq 9693263, ack 2358685046, win 65535, length 0
14:22:09.991521 eth0  In  IP 192.0.2.123.80 > 192.0.2.10.49852: Flags [S.], seq 9693263, ack 2358685047, win 65535, length 0
14:22:09.991523 eth0  In  IP 192.0.2.123.80 > 192.0.2.10.49852: Flags [S.], seq 9693263, ack 2358685048, win 65535, length 0
14:22:09.991525 eth0  In  IP 192.0.2.123.80 > 192.0.2.10.49852: Flags [S.], seq 9693263, ack 2358685049, win 65535, length 0
14:22:09.991526 eth0  In  IP 192.0.2.123.80 > 192.0.2.10.49852: Flags [S.], seq 9693263, ack 2358685050, win 65535, length 0
14:22:09.991528 eth0  In  IP 192.0.2.123.80 > 192.0.2.10.49852: Flags [S.], seq 9693263, ack 2358685051, win 65535, length 0
14:22:09.991530 eth0  In  IP 192.0.2.123.80 > 192.0.2.10.49852: Flags [S.], seq 9693263, ack 2358685052, win 65535, length 0
14:22:09.991531 eth0  In  IP 192.0.2.123.80 > 192.0.2.10.49852: Flags [S.], seq 9693263, ack 2358685053, win 65535, length 0
14:22:09.991533 eth0  In  IP 192.0.2.123.80 > 192.0.2.10.49852: Flags [S.], seq 9693263, ack 2358685054, win 65535, length 0
14:22:09.991534 eth0  In  IP 192.0.2.123.80 > 192.0.2.10.49852: Flags [S.], seq 9693263, ack 2358685055, win 65535, length 0
14:22:09.991536 eth0  In  IP 192.0.2.123.80 > 192.0.2.10.49852: Flags [S.], seq 9693263, ack 2358685056, win 65535, length 0
14:22:09.991538 eth0  In  IP 192.0.2.123.80 > 192.0.2.10.49852: Flags [S.], seq 9693263, ack 2358685057, win 65535, length 0
14:22:09.991539 eth0  In  IP 192.0.2.123.80 > 192.0.2.10.49852: Flags [S.], seq 9693263, ack 2358685058, win 65535, length 0
14:22:09.991541 eth0  In  IP 192.0.2.123.80 > 192.0.2.10.49852: Flags [S.], seq 9693263, ack 2358685059, win 65535, length 0
14:22:09.991542 eth0  In  IP 192.0.2.123.80 > 192.0.2.10.49852: Flags [S.], seq 9693263, ack 2358685060, win 65535, length 0
14:22:09.991544 eth0  In  IP 192.0.2.123.80 > 192.0.2.10.49852: Flags [S.], seq 9693263, ack 2358685061, win 65535, length 0
14:22:09.991546 eth0  In  IP 192.0.2.123.80 > 192.0.2.10.49852: Flags [S.], seq 9693263, ack 2358685062, win 65535, length 0
14:22:09.991547 eth0  In  IP 192.0.2.123.80 > 192.0.2.10.49852: Flags [S.], seq 9693263, ack 2358685063, win 65535, length 0
14:22:09.991549 eth0  In  IP 192.0.2.123.80 > 192.0.2.10.49852: Flags [S.], seq 9693263, ack 2358685064, win 65535, length 0
14:22:09.991551 eth0  In  IP 192.0.2.123.80 > 192.0.2.10.49852: Flags [S.], seq 9693263, ack 2358685065, win 65535, length 0
14:22:09.991552 eth0  In  IP 192.0.2.123.80 > 192.0.2.10.49852: Flags [S.], seq 9693263, ack 2358685066, win 65535, length 0
14:22:09.991554 eth0  In  IP 192.0.2.123.80 > 192.0.2.10.49852: Flags [S.], seq 9693263, ack 2358685067, win 65535, length 0
14:22:09.991555 eth0  In  IP 192.0.2.123.80 > 192.0.2.10.49852: Flags [S.], seq 9693263, ack 2358685068, win 65535, length 0
14:22:09.991557 eth0  In  IP 192.0.2.123.80 > 192.0.2.10.49852: Flags [S.], seq 9693263, ack 2358685069, win 65535, length 0
14:22:09.991559 eth0  In  IP 192.0.2.123.80 > 192.0.2.10.49852: Flags [S.], seq 9693263, ack 2358685070, win 65535, length 0
14:22:09.991560 eth0  In  IP 192.0.2.123.80 > 192.0.2.10.49852: Flags [S.], seq 9693263, ack 2358685071, win 65535, length 0
14:22:09.991562 eth0  In  IP 192.0.2.123.80 > 192.0.2.10.49852: Flags [S.], seq 9693263, ack 2358685072, win 65535, length 0
14:22:09.991564 eth0  In  IP 192.0.2.123.80 > 192.0.2.10.49852: Flags [S.], seq 9693263, ack 2358685073, win 65535, length 0
14:22:09.991565 eth0  In  IP 192.0.2.123.80 > 192.0.2.10.49852: Flags [S.], seq 9693263, ack 2358685074, win 65535, length 0
14:22:09.991567 eth0  In  IP 192.0.2.123.80 > 192.0.2.10.49852: Flags [S.], seq 9693263, ack 2358685075, win 65535, length 0
14:22:09.991871 eth0  In  IP 192.0.2.123.80 > 192.0.2.10.49852: Flags [S.], seq 9693263, ack 2358685076, win 65535, length 0
14:22:09.991874 eth0  In  IP 192.0.2.123.80 > 192.0.2.10.49852: Flags [S.], seq 9693263, ack 2358685077, win 65535, length 0
14:22:09.991876 eth0  In  IP 192.0.2.123.80 > 192.0.2.10.49852: Flags [S.], seq 9693263, ack 2358685078, win 65535, length 0
14:22:09.991877 eth0  In  IP 192.0.2.123.80 > 192.0.2.10.49852: Flags [S.], seq 9693263, ack 2358685079, win 65535, length 0
14:22:09.991879 eth0  In  IP 192.0.2.123.80 > 192.0.2.10.49852: Flags [S.], seq 9693263, ack 2358685080, win 65535, length 0
14:22:09.991880 eth0  In  IP 192.0.2.123.80 > 192.0.2.10.49852: Flags [S.], seq 9693263, ack 2358685081, win 65535, length 0
14:22:09.991882 eth0  In  IP 192.0.2.123.80 > 192.0.2.10.49852: Flags [S.], seq 9693263, ack 2358685082, win 65535, length 0
14:22:09.991884 eth0  In  IP 192.0.2.123.80 > 192.0.2.10.49852: Flags [S.], seq 9693263, ack 2358685083, win 65535, length 0
14:22:09.991885 eth0  In  IP 192.0.2.123.80 > 192.0.2.10.49852: Flags [S.], seq 9693263, ack 2358685084, win 65535, length 0
14:22:09.991887 eth0  In  IP 192.0.2.123.80 > 192.0.2.10.49852: Flags [S.], seq 9693263, ack 2358685085, win 65535, length 0
14:22:09.991888 eth0  In  IP 192.0.2.123.80 > 192.0.2.10.49852: Flags [S.], seq 9693263, ack 2358685086, win 65535, length 0
14:22:09.991890 eth0  In  IP 192.0.2.123.80 > 192.0.2.10.49852: Flags [S.], seq 9693263, ack 2358685087, win 65535, length 0
14:22:09.991892 eth0  In  IP 192.0.2.123.80 > 192.0.2.10.49852: Flags [S.], seq 9693263, ack 2358685088, win 65535, length 0
14:22:09.991893 eth0  In  IP 192.0.2.123.80 > 192.0.2.10.49852: Flags [S.], seq 9693263, ack 2358685089, win 65535, length 0
14:22:09.991895 eth0  In  IP 192.0.2.123.80 > 192.0.2.10.49852: Flags [S.], seq 9693263, ack 2358685090, win 65535, length 0
14:22:09.991896 eth0  In  IP 192.0.2.123.80 > 192.0.2.10.49852: Flags [S.], seq 9693263, ack 2358685091, win 65535, length 0
14:22:09.991898 eth0  In  IP 192.0.2.123.80 > 192.0.2.10.49852: Flags [S.], seq 9693263, ack 2358685092, win 65535, length 0
14:22:09.991900 eth0  In  IP 192.0.2.123.80 > 192.0.2.10.49852: Flags [S.], seq 9693263, ack 2358685093, win 65535, length 0
14:22:09.991901 eth0  In  IP 192.0.2.123.80 > 192.0.2.10.49852: Flags [S.], seq 9693263, ack 2358685094, win 65535, length 0
14:22:09.991903 eth0  In  IP 192.0.2.123.80 > 192.0.2.10.49852: Flags [S.], seq 9693263, ack 2358685095, win 65535, length 0
14:22:09.991905 eth0  In  IP 192.0.2.123.80 > 192.0.2.10.49852: Flags [S.], seq 9693263, ack 2358685096, win 65535, length 0
14:22:09.991906 eth0  In  IP 192.0.2.123.80 > 192.0.2.10.49852: Flags [S.], seq 9693263, ack 2358685097, win 65535, length 0
14:22:09.991908 eth0  In  IP 192.0.2.123.80 > 192.0.2.10.49852: Flags [S.], seq 9693263, ack 2358685098, win 65535, length 0
14:22:09.991909 eth0  In  IP 192.0.2.123.80 > 192.0.2.10.49852: Flags [S.], seq 9693263, ack 2358685099, win 65535, length 0
14:22:09.991911 eth0  In  IP 192.0.2.123.80 > 192.0.2.10.49852: Flags [S.], seq 9693263, ack 2358685100, win 65535, length 0
14:22:09.991913 eth0  In  IP 192.0.2.123.80 > 192.0.2.10.49852: Flags [S.], seq 9693263, ack 2358685101, win 65535, length 0
14:22:09.991914 eth0  In  IP 192.0.2.123.80 > 192.0.2.10.49852: Flags [S.], seq 9693263, ack 2358685102, win 65535, length 0
14:22:09.991916 eth0  In  IP 192.0.2.123.80 > 192.0.2.10.49852: Flags [S.], seq 9693263, ack 2358685103, win 65535, length 0
14:22:09.991918 eth0  In  IP 192.0.2.123.80 > 192.0.2.10.49852: Flags [S.], seq 9693263, ack 2358685104, win 65535, length 0
14:22:09.991919 eth0  In  IP 192.0.2.123.80 > 192.0.2.10.49852: Flags [S.], seq 9693263, ack 2358685105, win 65535, length 0
14:22:09.991921 eth0  In  IP 192.0.2.123.80 > 192.0.2.10.49852: Flags [S.], seq 9693263, ack 2358685106, win 65535, length 0
14:22:09.991922 eth0  In  IP 192.0.2.123.80 > 192.0.2.10.49852: Flags [S.], seq 9693263, ack 2358685107, win 65535, length 0
14:22:09.992227 eth0  In  IP 192.0.2.123.80 > 192.0.2.10.49852: Flags [S.], seq 9693263, ack 2358685108, win 65535, length 0
14:22:09.992229 eth0  In  IP 192.0.2.123.80 > 192.0.2.10.49852: Flags [S.], seq 9693263, ack 2358685109, win 65535, length 0
14:22:09.992230 eth0  In  IP 192.0.2.123.80 > 192.0.2.10.49852: Flags [S.], seq 9693263, ack 2358685110, win 65535, length 0
14:22:09.992232 eth0  In  IP 192.0.2.123.80 > 192.0.2.10.49852: Flags [S.], seq 9693263, ack 2358685111, win 65535, length 0
14:22:09.992233 eth0  In  IP 192.0.2.123.80 > 192.0.2.10.49852: Flags [S.], seq 9693263, ack 2358685112, win 65535, length 0
14:22:09.992235 eth0  In  IP 192.0.2.123.80 > 192.0.2.10.49852: Flags [S.], seq 9693263, ack 2358685113, win 65535, length 0
14:22:09.992237 eth0  In  IP 192.0.2.123.80 > 192.0.2.10.49852: Flags [S.], seq 9693263, ack 2358685114, win 65535, length 0
14:22:09.992238 eth0  In  IP 192.0.2.123.80 > 192.0.2.10.49852: Flags [S.], seq 9693263, ack 2358685115, win 65535, length 0
14:22:09.992240 eth0  In  IP 192.0.2.123.80 > 192.0.2.10.49852: Flags [S.], seq 9693263, ack 2358685116, win 65535, length 0
14:22:09.992242 eth0  In  IP 192.0.2.123.80 > 192.0.2.10.49852: Flags [S.], seq 9693263, ack 2358685117, win 65535, length 0
14:22:09.992243 eth0  In  IP 192.0.2.123.80 > 192.0.2.10.49852: Flags [S.], seq 9693263, ack 2358685118, win 65535, length 0
14:22:09.992246 eth0  In  IP 192.0.2.123.80 > 192.0.2.10.49852: Flags [S.], seq 9693263, ack 2358685119, win 65535, length 0
14:22:09.992248 eth0  In  IP 192.0.2.123.80 > 192.0.2.10.49852: Flags [S.], seq 9693263, ack 2358685120, win 65535, length 0
14:22:09.992250 eth0  In  IP 192.0.2.123.80 > 192.0.2.10.49852: Flags [S.], seq 9693263, ack 2358685121, win 65535, length 0
14:22:09.992251 eth0  In  IP 192.0.2.123.80 > 192.0.2.10.49852: Flags [S.], seq 9693263, ack 2358685122, win 65535, length 0
14:22:09.992253 eth0  In  IP 192.0.2.123.80 > 192.0.2.10.49852: Flags [S.], seq 9693263, ack 2358685123, win 65535, length 0
14:22:09.992254 eth0  In  IP 192.0.2.123.80 > 192.0.2.10.49852: Flags [S.], seq 9693263, ack 2358685124, win 65535, length 0
14:22:09.992256 eth0  In  IP 192.0.2.123.80 > 192.0.2.10.49852: Flags [S.], seq 9693263, ack 2358685125, win 65535, length 0
14:22:09.992258 eth0  In  IP 192.0.2.123.80 > 192.0.2.10.49852: Flags [S.], seq 9693263, ack 2358685126, win 65535, length 0
14:22:09.992259 eth0  In  IP 192.0.2.123.80 > 192.0.2.10.49852: Flags [S.], seq 9693263, ack 2358685127, win 65535, length 0
14:22:09.992261 eth0  In  IP 192.0.2.123.80 > 192.0.2.10.49852: Flags [S.], seq 9693263, ack 2358685128, win 65535, length 0
14:22:09.992262 eth0  In  IP 192.0.2.123.80 > 192.0.2.10.49852: Flags [S.], seq 9693263, ack 2358685129, win 65535, length 0
14:22:09.992264 eth0  In  IP 192.0.2.123.80 > 192.0.2.10.49852: Flags [S.], seq 9693263, ack 2358685130, win 65535, length 0
14:22:09.992266 eth0  In  IP 192.0.2.123.80 > 192.0.2.10.49852: Flags [S.], seq 9693263, ack 2358685131, win 65535, length 0
14:22:09.992267 eth0  In  IP 192.0.2.123.80 > 192.0.2.10.49852: Flags [S.], seq 9693263, ack 2358685132, win 65535, length 0
14:22:09.992269 eth0  In  IP 192.0.2.123.80 > 192.0.2.10.49852: Flags [S.], seq 9693263, ack 2358685133, win 65535, length 0
14:22:09.992271 eth0  In  IP 192.0.2.123.80 > 192.0.2.10.49852: Flags [S.], seq 9693263, ack 2358685134, win 65535, length 0
14:22:09.992272 eth0  In  IP 192.0.2.123.80 > 192.0.2.10.49852: Flags [S.], seq 9693263, ack 2358685135, win 65535, length 0
14:22:09.992274 eth0  In  IP 192.0.2.123.80 > 192.0.2.10.49852: Flags [S.], seq 9693263, ack 2358685136, win 65535, length 0
14:22:09.992275 eth0  In  IP 192.0.2.123.80 > 192.0.2.10.49852: Flags [S.], seq 9693263, ack 2358685137, win 65535, length 0
14:22:09.992277 eth0  In  IP 192.0.2.123.80 > 192.0.2.10.49852: Flags [S.], seq 9693263, ack 2358685138, win 65535, length 0
14:22:09.992279 eth0  In  IP 192.0.2.123.80 > 192.0.2.10.49852: Flags [S.], seq 9693263, ack 2358685139, win 65535, length 0
14:22:09.992583 eth0  In  IP 192.0.2.123.80 > 192.0.2.10.49852: Flags [S.], seq 9693263, ack 2358685140, win 65535, length 0
14:22:09.992585 eth0  In  IP 192.0.2.123.80 > 192.0.2.10.49852: Flags [S.], seq 9693263, ack 2358685141, win 65535, length 0
14:22:09.992586 eth0  In  IP 192.0.2.123.80 > 192.0.2.10.49852: Flags [S.], seq 9693263, ack 2358685142, win 65535, length 0
14:22:09.992588 eth0  In  IP 192.0.2.123.80 > 192.0.2.10.49852: Flags [S.], seq 9693263, ack 2358685143, win 65535, length 0
14:22:09.992589 eth0  In  IP 192.0.2.123.80 > 192.0.2.10.49852: Flags [S.], seq 9693263, ack 2358685144, win 65535, length 0
14:22:09.992591 eth0  In  IP 192.0.2.123.80 > 192.0.2.10.49852: Flags [S.], seq 9693263, ack 2358685145, win 65535, length 0
14:22:09.992593 eth0  In  IP 192.0.2.123.80 > 192.0.2.10.49852: Flags [S.], seq 9693263, ack 2358685146, win 65535, length 0
14:22:09.992594 eth0  In  IP 192.0.2.123.80 > 192.0.2.10.49852: Flags [S.], seq 9693263, ack 2358685147, win 65535, length 0
14:22:09.992596 eth0  In  IP 192.0.2.123.80 > 192.0.2.10.49852: Flags [S.], seq 9693263, ack 2358685148, win 65535, length 0
14:22:09.992598 eth0  In  IP 192.0.2.123.80 > 192.0.2.10.49852: Flags [S.], seq 9693263, ack 2358685149, win 65535, length 0
14:22:09.992599 eth0  In  IP 192.0.2.123.80 > 192.0.2.10.49852: Flags [S.], seq 9693263, ack 2358685150, win 65535, length 0
14:22:09.992601 eth0  In  IP 192.0.2.123.80 > 192.0.2.10.49852: Flags [S.], seq 9693263, ack 2358685151, win 65535, length 0
14:22:09.992602 eth0  In  IP 192.0.2.123.80 > 192.0.2.10.49852: Flags [S.], seq 9693263, ack 2358685152, win 65535, length 0
14:22:09.992604 eth0  In  IP 192.0.2.123.80 > 192.0.2.10.49852: Flags [S.], seq 9693263, ack 2358685153, win 65535, length 0
14:22:09.992606 eth0  In  IP 192.0.2.123.80 > 192.0.2.10.49852: Flags [S.], seq 9693263, ack 2358685154, win 65535, length 0
14:22:09.992607 eth0  In  IP 192.0.2.123.80 > 192.0.2.10.49852: Flags [S.], seq 9693263, ack 2358685155, win 65535, length 0
14:22:09.992609 eth0  In  IP 192.0.2.123.80 > 192.0.2.10.49852: Flags [S.], seq 9693263, ack 2358685156, win 65535, length 0
14:22:09.992611 eth0  In  IP 192.0.2.123.80 > 192.0.2.10.49852: Flags [S.], seq 9693263, ack 2358685157, win 65535, length 0
14:22:09.992612 eth0  In  IP 192.0.2.123.80 > 192.0.2.10.49852: Flags [S.], seq 9693263, ack 2358685158, win 65535, length 0
14:22:09.992614 eth0  In  IP 192.0.2.123.80 > 192.0.2.10.49852: Flags [S.], seq 9693263, ack 2358685159, win 65535, length 0
14:22:09.992615 eth0  In  IP 192.0.2.123.80 > 192.0.2.10.49852: Flags [S.], seq 9693263, ack 2358685160, win 65535, length 0
14:22:09.992618 eth0  In  IP 192.0.2.123.80 > 192.0.2.10.49852: Flags [S.], seq 9693263, ack 2358685161, win 65535, length 0
14:22:09.992620 eth0  In  IP 192.0.2.123.80 > 192.0.2.10.49852: Flags [S.], seq 9693263, ack 2358685162, win 65535, length 0
14:22:09.992621 eth0  In  IP 192.0.2.123.80 > 192.0.2.10.49852: Flags [S.], seq 9693263, ack 2358685163, win 65535, length 0
14:22:09.992623 eth0  In  IP 192.0.2.123.80 > 192.0.2.10.49852: Flags [S.], seq 9693263, ack 2358685164, win 65535, length 0
14:22:09.992624 eth0  In  IP 192.0.2.123.80 > 192.0.2.10.49852: Flags [S.], seq 9693263, ack 2358685165, win 65535, length 0
14:22:09.992626 eth0  In  IP 192.0.2.123.80 > 192.0.2.10.49852: Flags [S.], seq 9693263, ack 2358685166, win 65535, length 0
14:22:09.992628 eth0  In  IP 192.0.2.123.80 > 192.0.2.10.49852: Flags [S.], seq 9693263, ack 2358685167, win 65535, length 0
14:22:09.992629 eth0  In  IP 192.0.2.123.80 > 192.0.2.10.49852: Flags [S.], seq 9693263, ack 2358685168, win 65535, length 0
14:22:09.992631 eth0  In  IP 192.0.2.123.80 > 192.0.2.10.49852: Flags [S.], seq 9693263, ack 2358685169, win 65535, length 0
14:22:09.992633 eth0  In  IP 192.0.2.123.80 > 192.0.2.10.49852: Flags [S.], seq 9693263, ack 2358685170, win 65535, length 0
14:22:09.992634 eth0  In  IP 192.0.2.123.80 > 192.0.2.10.49852: Flags [S.], seq 9693263, ack 2358685171, win 65535, length 0
14:22:09.992938 eth0  In  IP 192.0.2.123.80 > 192.0.2.10.49852: Flags [S.], seq 9693263, ack 2358685172, win 65535, length 0
14:22:09.992940 eth0  In  IP 192.0.2.123.80 > 192.0.2.10.49852: Flags [S.], seq 9693263, ack 2358685173, win 65535, length 0
14:22:09.992942 eth0  In  IP 192.0.2.123.80 > 192.0.2.10.49852: Flags [S.], seq 9693263, ack 2358685174, win 65535, length 0
14:22:09.992943 eth0  In  IP 192.0.2.123.80 > 192.0.2.10.49852: Flags [S.], seq 9693263, ack 2358685175, win 65535, length 0
14:22:09.992945 eth0  In  IP 192.0.2.123.80 > 192.0.2.10.49852: Flags [S.], seq 9693263, ack 2358685176, win 65535, length 0
14:22:09.992947 eth0  In  IP 192.0.2.123.80 > 192.0.2.10.49852: Flags [S.], seq 9693263, ack 2358685177, win 65535, length 0
14:22:09.992948 eth0  In  IP 192.0.2.123.80 > 192.0.2.10.49852: Flags [S.], seq 9693263, ack 2358685178, win 65535, length 0
14:22:09.992950 eth0  In  IP 192.0.2.123.80 > 192.0.2.10.49852: Flags [S.], seq 9693263, ack 2358685179, win 65535, length 0
14:22:09.992951 eth0  In  IP 192.0.2.123.80 > 192.0.2.10.49852: Flags [S.], seq 9693263, ack 2358685180, win 65535, length 0
14:22:09.992953 eth0  In  IP 192.0.2.123.80 > 192.0.2.10.49852: Flags [S.], seq 9693263, ack 2358685181, win 65535, length 0
14:22:09.992955 eth0  In  IP 192.0.2.123.80 > 192.0.2.10.49852: Flags [S.], seq 9693263, ack 2358685182, win 65535, length 0
14:22:09.992956 eth0  In  IP 192.0.2.123.80 > 192.0.2.10.49852: Flags [S.], seq 9693263, ack 2358685183, win 65535, length 0
14:22:09.992958 eth0  In  IP 192.0.2.123.80 > 192.0.2.10.49852: Flags [S.], seq 9693263, ack 2358685184, win 65535, length 0
14:22:09.992960 eth0  In  IP 192.0.2.123.80 > 192.0.2.10.49852: Flags [S.], seq 9693263, ack 2358685185, win 65535, length 0
14:22:09.992961 eth0  In  IP 192.0.2.123.80 > 192.0.2.10.49852: Flags [S.], seq 9693263, ack 2358685186, win 65535, length 0
14:22:09.992963 eth0  In  IP 192.0.2.123.80 > 192.0.2.10.49852: Flags [S.], seq 9693263, ack 2358685187, win 65535, length 0
14:22:09.992964 eth0  In  IP 192.0.2.123.80 > 192.0.2.10.49852: Flags [S.], seq 9693263, ack 2358685188, win 65535, length 0
14:22:09.992966 eth0  In  IP 192.0.2.123.80 > 192.0.2.10.49852: Flags [S.], seq 9693263, ack 2358685189, win 65535, length 0
14:22:09.992968 eth0  In  IP 192.0.2.123.80 > 192.0.2.10.49852: Flags [S.], seq 9693263, ack 2358685190, win 65535, length 0
14:22:09.992969 eth0  In  IP 192.0.2.123.80 > 192.0.2.10.49852: Flags [S.], seq 9693263, ack 2358685191, win 65535, length 0
14:22:09.992971 eth0  In  IP 192.0.2.123.80 > 192.0.2.10.49852: Flags [S.], seq 9693263, ack 2358685192, win 65535, length 0
14:22:09.992973 eth0  In  IP 192.0.2.123.80 > 192.0.2.10.49852: Flags [S.], seq 9693263, ack 2358685193, win 65535, length 0
14:22:09.992974 eth0  In  IP 192.0.2.123.80 > 192.0.2.10.49852: Flags [S.], seq 9693263, ack 2358685194, win 65535, length 0
14:22:09.992976 eth0  In  IP 192.0.2.123.80 > 192.0.2.10.49852: Flags [S.], seq 9693263, ack 2358685195, win 65535, length 0
14:22:09.992977 eth0  In  IP 192.0.2.123.80 > 192.0.2.10.49852: Flags [S.], seq 9693263, ack 2358685196, win 65535, length 0
14:22:09.992979 eth0  In  IP 192.0.2.123.80 > 192.0.2.10.49852: Flags [S.], seq 9693263, ack 2358685197, win 65535, length 0
14:22:09.992981 eth0  In  IP 192.0.2.123.80 > 192.0.2.10.49852: Flags [S.], seq 9693263, ack 2358685198, win 65535, length 0
14:22:09.992982 eth0  In  IP 192.0.2.123.80 > 192.0.2.10.49852: Flags [S.], seq 9693263, ack 2358685199, win 65535, length 0
14:22:09.992984 eth0  In  IP 192.0.2.123.80 > 192.0.2.10.49852: Flags [S.], seq 9693263, ack 2358685200, win 65535, length 0
14:22:09.992985 eth0  In  IP 192.0.2.123.80 > 192.0.2.10.49852: Flags [S.], seq 9693263, ack 2358685201, win 65535, length 0
14:22:09.992987 eth0  In  IP 192.0.2.123.80 > 192.0.2.10.49852: Flags [S.], seq 9693263, ack 2358685202, win 65535, length 0
14:22:09.992990 eth0  In  IP 192.0.2.123.80 > 192.0.2.10.49852: Flags [S.], seq 9693263, ack 2358685203, win 65535, length 0
14:22:09.993294 eth0  In  IP 192.0.2.123.80 > 192.0.2.10.49852: Flags [S.], seq 9693263, ack 2358685204, win 65535, length 0
14:22:09.993296 eth0  In  IP 192.0.2.123.80 > 192.0.2.10.49852: Flags [S.], seq 9693263, ack 2358685205, win 65535, length 0
14:22:09.993297 eth0  In  IP 192.0.2.123.80 > 192.0.2.10.49852: Flags [S.], seq 9693263, ack 2358685206, win 65535, length 0
14:22:09.993299 eth0  In  IP 192.0.2.123.80 > 192.0.2.10.49852: Flags [S.], seq 9693263, ack 2358685207, win 65535, length 0
14:22:09.993300 eth0  In  IP 192.0.2.123.80 > 192.0.2.10.49852: Flags [S.], seq 9693263, ack 2358685208, win 65535, length 0
14:22:09.993302 eth0  In  IP 192.0.2.123.80 > 192.0.2.10.49852: Flags [S.], seq 9693263, ack 2358685209, win 65535, length 0
14:22:09.993304 eth0  In  IP 192.0.2.123.80 > 192.0.2.10.49852: Flags [S.], seq 9693263, ack 2358685210, win 65535, length 0
14:22:09.993305 eth0  In  IP 192.0.2.123.80 > 192.0.2.10.49852: Flags [S.], seq 9693263, ack 2358685211, win 65535, length 0
14:22:09.993307 eth0  In  IP 192.0.2.123.80 > 192.0.2.10.49852: Flags [S.], seq 9693263, ack 2358685212, win 65535, length 0
14:22:09.993309 eth0  In  IP 192.0.2.123.80 > 192.0.2.10.49852: Flags [S.], seq 9693263, ack 2358685213, win 65535, length 0
14:22:09.993310 eth0  In  IP 192.0.2.123.80 > 192.0.2.10.49852: Flags [S.], seq 9693263, ack 2358685214, win 65535, length 0
14:22:09.993312 eth0  In  IP 192.0.2.123.80 > 192.0.2.10.49852: Flags [S.], seq 9693263, ack 2358685215, win 65535, length 0
14:22:09.993313 eth0  In  IP 192.0.2.123.80 > 192.0.2.10.49852: Flags [S.], seq 9693263, ack 2358685216, win 65535, length 0
14:22:09.993315 eth0  In  IP 192.0.2.123.80 > 192.0.2.10.49852: Flags [S.], seq 9693263, ack 2358685217, win 65535, length 0
14:22:09.993317 eth0  In  IP 192.0.2.123.80 > 192.0.2.10.49852: Flags [S.], seq 9693263, ack 2358685218, win 65535, length 0
14:22:09.993318 eth0  In  IP 192.0.2.123.80 > 192.0.2.10.49852: Flags [S.], seq 9693263, ack 2358685219, win 65535, length 0
14:22:09.993320 eth0  In  IP 192.0.2.123.80 > 192.0.2.10.49852: Flags [S.], seq 9693263, ack 2358685220, win 65535, length 0
14:22:09.993322 eth0  In  IP 192.0.2.123.80 > 192.0.2.10.49852: Flags [S.], seq 9693263, ack 2358685221, win 65535, length 0
14:22:09.993324 eth0  In  IP 192.0.2.123.80 > 192.0.2.10.49852: Flags [S.], seq 9693263, ack 2358685222, win 65535, length 0
14:22:09.993327 eth0  In  IP 192.0.2.123.80 > 192.0.2.10.49852: Flags [S.], seq 9693263, ack 2358685223, win 65535, length 0
14:22:09.993329 eth0  In  IP 192.0.2.123.80 > 192.0.2.10.49852: Flags [S.], seq 9693263, ack 2358685224, win 65535, length 0
14:22:09.993331 eth0  In  IP 192.0.2.123.80 > 192.0.2.10.49852: Flags [S.], seq 9693263, ack 2358685225, win 65535, length 0
14:22:09.993332 eth0  In  IP 192.0.2.123.80 > 192.0.2.10.49852: Flags [S.], seq 9693263, ack 2358685226, win 65535, length 0
14:22:09.993334 eth0  In  IP 192.0.2.123.80 > 192.0.2.10.49852: Flags [S.], seq 9693263, ack 2358685227, win 65535, length 0
14:22:09.993336 eth0  In  IP 192.0.2.123.80 > 192.0.2.10.49852: Flags [S.], seq 9693263, ack 2358685228, win 65535, length 0
14:22:09.993337 eth0  In  IP 192.0.2.123.80 > 192.0.2.10.49852: Flags [S.], seq 9693263, ack 2358685229, win 65535, length 0
14:22:09.993339 eth0  In  IP 192.0.2.123.80 > 192.0.2.10.49852: Flags [S.], seq 9693263, ack 2358685230, win 65535, length 0
14:22:09.993340 eth0  In  IP 192.0.2.123.80 > 192.0.2.10.49852: Flags [S.], seq 9693263, ack 2358685231, win 65535, length 0
14:22:09.993342 eth0  In  IP 192.0.2.123.80 > 192.0.2.10.49852: Flags [S.], seq 9693263, ack 2358685232, win 65535, length 0
14:22:09.993344 eth0  In  IP 192.0.2.123.80 > 192.0.2.10.49852: Flags [S.], seq 9693263, ack 2358685233, win 65535, length 0
14:22:09.993345 eth0  In  IP 192.0.2.123.80 > 192.0.2.10.49852: Flags [S.], seq 9693263, ack 2358685234, win 65535, length 0
14:22:09.993347 eth0  In  IP 192.0.2.123.80 > 192.0.2.10.49852: Flags [S.], seq 9693263, ack 2358685235, win 65535, length 0
14:22:09.993651 eth0  In  IP 192.0.2.123.80 > 192.0.2.10.49852: Flags [S.], seq 9693263, ack 2358685236, win 65535, length 0
14:22:09.993653 eth0  In  IP 192.0.2.123.80 > 192.0.2.10.49852: Flags [S.], seq 9693263, ack 2358685237, win 65535, length 0
14:22:09.993654 eth0  In  IP 192.0.2.123.80 > 192.0.2.10.49852: Flags [S.], seq 9693263, ack 2358685238, win 65535, length 0
14:22:09.993656 eth0  In  IP 192.0.2.123.80 > 192.0.2.10.49852: Flags [S.], seq 9693263, ack 2358685239, win 65535, length 0
14:22:09.993658 eth0  In  IP 192.0.2.123.80 > 192.0.2.10.49852: Flags [S.], seq 9693263, ack 2358685240, win 65535, length 0
14:22:09.993659 eth0  In  IP 192.0.2.123.80 > 192.0.2.10.49852: Flags [S.], seq 9693263, ack 2358685241, win 65535, length 0
14:22:09.993661 eth0  In  IP 192.0.2.123.80 > 192.0.2.10.49852: Flags [S.], seq 9693263, ack 2358685242, win 65535, length 0
14:22:09.993663 eth0  In  IP 192.0.2.123.80 > 192.0.2.10.49852: Flags [S.], seq 9693263, ack 2358685243, win 65535, length 0
14:22:09.993664 eth0  In  IP 192.0.2.123.80 > 192.0.2.10.49852: Flags [S.], seq 9693263, ack 2358685244, win 65535, length 0
14:22:09.993667 eth0  In  IP 192.0.2.123.80 > 192.0.2.10.49852: Flags [S.], seq 9693263, ack 2358685245, win 65535, length 0
14:22:09.993668 eth0  In  IP 192.0.2.123.80 > 192.0.2.10.49852: Flags [S.], seq 9693263, ack 2358685246, win 65535, length 0
14:22:09.993670 eth0  In  IP 192.0.2.123.80 > 192.0.2.10.49852: Flags [S.], seq 9693263, ack 2358685247, win 65535, length 0
14:22:09.993672 eth0  In  IP 192.0.2.123.80 > 192.0.2.10.49852: Flags [S.], seq 9693263, ack 2358685248, win 65535, length 0
14:22:09.993673 eth0  In  IP 192.0.2.123.80 > 192.0.2.10.49852: Flags [S.], seq 9693263, ack 2358685249, win 65535, length 0
14:22:09.993675 eth0  In  IP 192.0.2.123.80 > 192.0.2.10.49852: Flags [S.], seq 9693263, ack 2358685250, win 65535, length 0
14:22:09.993676 eth0  In  IP 192.0.2.123.80 > 192.0.2.10.49852: Flags [S.], seq 9693263, ack 2358685251, win 65535, length 0
14:22:09.993678 eth0  In  IP 192.0.2.123.80 > 192.0.2.10.49852: Flags [S.], seq 9693263, ack 2358685252, win 65535, length 0
14:22:09.993680 eth0  In  IP 192.0.2.123.80 > 192.0.2.10.49852: Flags [S.], seq 9693263, ack 2358685253, win 65535, length 0
14:22:09.993681 eth0  In  IP 192.0.2.123.80 > 192.0.2.10.49852: Flags [S.], seq 9693263, ack 2358685254, win 65535, length 0
14:22:09.993683 eth0  In  IP 192.0.2.123.80 > 192.0.2.10.49852: Flags [S.], seq 9693263, ack 2358685255, win 65535, length 0
14:22:09.993684 eth0  In  IP 192.0.2.123.80 > 192.0.2.10.49852: Flags [S.], seq 9693263, ack 2358685256, win 65535, length 0
14:22:09.993686 eth0  In  IP 192.0.2.123.80 > 192.0.2.10.49852: Flags [S.], seq 9693263, ack 2358685257, win 65535, length 0
14:22:09.993688 eth0  In  IP 192.0.2.123.80 > 192.0.2.10.49852: Flags [S.], seq 9693263, ack 2358685258, win 65535, length 0
14:22:09.993689 eth0  In  IP 192.0.2.123.80 > 192.0.2.10.49852: Flags [S.], seq 9693263, ack 2358685259, win 65535, length 0
14:22:09.993691 eth0  In  IP 192.0.2.123.80 > 192.0.2.10.49852: Flags [S.], seq 9693263, ack 2358685260, win 65535, length 0
14:22:09.993693 eth0  In  IP 192.0.2.123.80 > 192.0.2.10.49852: Flags [S.], seq 9693263, ack 2358685261, win 65535, length 0
14:22:09.993694 eth0  In  IP 192.0.2.123.80 > 192.0.2.10.49852: Flags [S.], seq 9693263, ack 2358685262, win 65535, length 0
14:22:09.993696 eth0  In  IP 192.0.2.123.80 > 192.0.2.10.49852: Flags [S.], seq 9693263, ack 2358685263, win 65535, length 0
14:22:09.993697 eth0  In  IP 192.0.2.123.80 > 192.0.2.10.49852: Flags [S.], seq 9693263, ack 2358685264, win 65535, length 0
14:22:09.993699 eth0  In  IP 192.0.2.123.80 > 192.0.2.10.49852: Flags [S.], seq 9693263, ack 2358685265, win 65535, length 0
14:22:09.993701 eth0  In  IP 192.0.2.123.80 > 192.0.2.10.49852: Flags [S.], seq 9693263, ack 2358685266, win 65535, length 0
14:22:09.993702 eth0  In  IP 192.0.2.123.80 > 192.0.2.10.49852: Flags [S.], seq 9693263, ack 2358685267, win 65535, length 0
14:22:09.994006 eth0  In  IP 192.0.2.123.80 > 192.0.2.10.49852: Flags [S.], seq 9693263, ack 2358685268, win 65535, length 0
14:22:09.994008 eth0  In  IP 192.0.2.123.80 > 192.0.2.10.49852: Flags [S.], seq 9693263, ack 2358685269, win 65535, length 0
14:22:09.994010 eth0  In  IP 192.0.2.123.80 > 192.0.2.10.49852: Flags [S.], seq 9693263, ack 2358685270, win 65535, length 0
14:22:09.994011 eth0  In  IP 192.0.2.123.80 > 192.0.2.10.49852: Flags [S.], seq 9693263, ack 2358685271, win 65535, length 0
14:22:09.994013 eth0  In  IP 192.0.2.123.80 > 192.0.2.10.49852: Flags [S.], seq 9693263, ack 2358685272, win 65535, length 0
14:22:09.994015 eth0  In  IP 192.0.2.123.80 > 192.0.2.10.49852: Flags [S.], seq 9693263, ack 2358685273, win 65535, length 0
14:22:09.994016 eth0  In  IP 192.0.2.123.80 > 192.0.2.10.49852: Flags [S.], seq 9693263, ack 2358685274, win 65535, length 0
14:22:09.994018 eth0  In  IP 192.0.2.123.80 > 192.0.2.10.49852: Flags [S.], seq 9693263, ack 2358685275, win 65535, length 0
14:22:09.994020 eth0  In  IP 192.0.2.123.80 > 192.0.2.10.49852: Flags [S.], seq 9693263, ack 2358685276, win 65535, length 0
14:22:09.994021 eth0  In  IP 192.0.2.123.80 > 192.0.2.10.49852: Flags [S.], seq 9693263, ack 2358685277, win 65535, length 0
14:22:09.994023 eth0  In  IP 192.0.2.123.80 > 192.0.2.10.49852: Flags [S.], seq 9693263, ack 2358685278, win 65535, length 0
14:22:09.994024 eth0  In  IP 192.0.2.123.80 > 192.0.2.10.49852: Flags [S.], seq 9693263, ack 2358685279, win 65535, length 0
14:22:09.994026 eth0  In  IP 192.0.2.123.80 > 192.0.2.10.49852: Flags [S.], seq 9693263, ack 2358685280, win 65535, length 0
14:22:09.994028 eth0  In  IP 192.0.2.123.80 > 192.0.2.10.49852: Flags [S.], seq 9693263, ack 2358685281, win 65535, length 0
14:22:09.994029 eth0  In  IP 192.0.2.123.80 > 192.0.2.10.49852: Flags [S.], seq 9693263, ack 2358685282, win 65535, length 0
14:22:09.994031 eth0  In  IP 192.0.2.123.80 > 192.0.2.10.49852: Flags [S.], seq 9693263, ack 2358685283, win 65535, length 0
14:22:09.994032 eth0  In  IP 192.0.2.123.80 > 192.0.2.10.49852: Flags [S.], seq 9693263, ack 2358685284, win 65535, length 0
14:22:09.994034 eth0  In  IP 192.0.2.123.80 > 192.0.2.10.49852: Flags [S.], seq 9693263, ack 2358685285, win 65535, length 0
14:22:09.994036 eth0  In  IP 192.0.2.123.80 > 192.0.2.10.49852: Flags [S.], seq 9693263, ack 2358685286, win 65535, length 0
14:22:09.994038 eth0  In  IP 192.0.2.123.80 > 192.0.2.10.49852: Flags [S.], seq 9693263, ack 2358685287, win 65535, length 0
14:22:09.994040 eth0  In  IP 192.0.2.123.80 > 192.0.2.10.49852: Flags [S.], seq 9693263, ack 2358685288, win 65535, length 0
14:22:09.994042 eth0  In  IP 192.0.2.123.80 > 192.0.2.10.49852: Flags [S.], seq 9693263, ack 2358685289, win 65535, length 0
14:22:09.994043 eth0  In  IP 192.0.2.123.80 > 192.0.2.10.49852: Flags [S.], seq 9693263, ack 2358685290, win 65535, length 0
14:22:09.994045 eth0  In  IP 192.0.2.123.80 > 192.0.2.10.49852: Flags [S.], seq 9693263, ack 2358685291, win 65535, length 0
14:22:09.994046 eth0  In  IP 192.0.2.123.80 > 192.0.2.10.49852: Flags [S.], seq 9693263, ack 2358685292, win 65535, length 0
14:22:09.994048 eth0  In  IP 192.0.2.123.80 > 192.0.2.10.49852: Flags [S.], seq 9693263, ack 2358685293, win 65535, length 0
14:22:09.994050 eth0  In  IP 192.0.2.123.80 > 192.0.2.10.49852: Flags [S.], seq 9693263, ack 2358685294, win 65535, length 0
14:22:09.994051 eth0  In  IP 192.0.2.123.80 > 192.0.2.10.49852: Flags [S.], seq 9693263, ack 2358685295, win 65535, length 0
14:22:09.994053 eth0  In  IP 192.0.2.123.80 > 192.0.2.10.49852: Flags [S.], seq 9693263, ack 2358685296, win 65535, length 0
14:22:09.994055 eth0  In  IP 192.0.2.123.80 > 192.0.2.10.49852: Flags [S.], seq 9693263, ack 2358685297, win 65535, length 0
14:22:09.994056 eth0  In  IP 192.0.2.123.80 > 192.0.2.10.49852: Flags [S.], seq 9693263, ack 2358685298, win 65535, length 0
14:22:09.994058 eth0  In  IP 192.0.2.123.80 > 192.0.2.10.49852: Flags [S.], seq 9693263, ack 2358685299, win 65535, length 0
14:22:09.994362 eth0  In  IP 192.0.2.123.80 > 192.0.2.10.49852: Flags [S.], seq 9693263, ack 2358685300, win 65535, length 0
14:22:09.994364 eth0  In  IP 192.0.2.123.80 > 192.0.2.10.49852: Flags [S.], seq 9693263, ack 2358685301, win 65535, length 0
14:22:09.994365 eth0  In  IP 192.0.2.123.80 > 192.0.2.10.49852: Flags [S.], seq 9693263, ack 2358685302, win 65535, length 0
14:22:09.994367 eth0  In  IP 192.0.2.123.80 > 192.0.2.10.49852: Flags [S.], seq 9693263, ack 2358685303, win 65535, length 0
14:22:09.994369 eth0  In  IP 192.0.2.123.80 > 192.0.2.10.49852: Flags [S.], seq 9693263, ack 2358685304, win 65535, length 0
14:22:09.994370 eth0  In  IP 192.0.2.123.80 > 192.0.2.10.49852: Flags [S.], seq 9693263, ack 2358685305, win 65535, length 0
14:22:09.994372 eth0  In  IP 192.0.2.123.80 > 192.0.2.10.49852: Flags [S.], seq 9693263, ack 2358685306, win 65535, length 0
14:22:09.994373 eth0  In  IP 192.0.2.123.80 > 192.0.2.10.49852: Flags [S.], seq 9693263, ack 2358685307, win 65535, length 0
14:22:09.994375 eth0  In  IP 192.0.2.123.80 > 192.0.2.10.49852: Flags [S.], seq 9693263, ack 2358685308, win 65535, length 0
14:22:09.994377 eth0  In  IP 192.0.2.123.80 > 192.0.2.10.49852: Flags [S.], seq 9693263, ack 2358685309, win 65535, length 0
14:22:09.994378 eth0  In  IP 192.0.2.123.80 > 192.0.2.10.49852: Flags [S.], seq 9693263, ack 2358685310, win 65535, length 0
14:22:09.994380 eth0  In  IP 192.0.2.123.80 > 192.0.2.10.49852: Flags [S.], seq 9693263, ack 2358685311, win 65535, length 0
14:22:09.994382 eth0  In  IP 192.0.2.123.80 > 192.0.2.10.49852: Flags [S.], seq 9693263, ack 2358685312, win 65535, length 0
14:22:09.994383 eth0  In  IP 192.0.2.123.80 > 192.0.2.10.49852: Flags [S.], seq 9693263, ack 2358685313, win 65535, length 0
14:22:09.994385 eth0  In  IP 192.0.2.123.80 > 192.0.2.10.49852: Flags [S.], seq 9693263, ack 2358685314, win 65535, length 0
14:22:09.994386 eth0  In  IP 192.0.2.123.80 > 192.0.2.10.49852: Flags [S.], seq 9693263, ack 2358685315, win 65535, length 0
14:22:09.994388 eth0  In  IP 192.0.2.123.80 > 192.0.2.10.49852: Flags [S.], seq 9693263, ack 2358685316, win 65535, length 0
14:22:09.994390 eth0  In  IP 192.0.2.123.80 > 192.0.2.10.49852: Flags [S.], seq 9693263, ack 2358685317, win 65535, length 0
14:22:09.994391 eth0  In  IP 192.0.2.123.80 > 192.0.2.10.49852: Flags [S.], seq 9693263, ack 2358685318, win 65535, length 0
14:22:09.994393 eth0  In  IP 192.0.2.123.80 > 192.0.2.10.49852: Flags [S.], seq 9693263, ack 2358685319, win 65535, length 0
14:22:09.994394 eth0  In  IP 192.0.2.123.80 > 192.0.2.10.49852: Flags [S.], seq 9693263, ack 2358685320, win 65535, length 0
14:22:09.994396 eth0  In  IP 192.0.2.123.80 > 192.0.2.10.49852: Flags [S.], seq 9693263, ack 2358685321, win 65535, length 0
14:22:09.994398 eth0  In  IP 192.0.2.123.80 > 192.0.2.10.49852: Flags [S.], seq 9693263, ack 2358685322, win 65535, length 0
14:22:09.994399 eth0  In  IP 192.0.2.123.80 > 192.0.2.10.49852: Flags [S.], seq 9693263, ack 2358685323, win 65535, length 0
14:22:09.994401 eth0  In  IP 192.0.2.123.80 > 192.0.2.10.49852: Flags [S.], seq 9693263, ack 2358685324, win 65535, length 0
14:22:09.994403 eth0  In  IP 192.0.2.123.80 > 192.0.2.10.49852: Flags [S.], seq 9693263, ack 2358685325, win 65535, length 0
14:22:09.994404 eth0  In  IP 192.0.2.123.80 > 192.0.2.10.49852: Flags [S.], seq 9693263, ack 2358685326, win 65535, length 0
14:22:09.994406 eth0  In  IP 192.0.2.123.80 > 192.0.2.10.49852: Flags [S.], seq 9693263, ack 2358685327, win 65535, length 0
14:22:09.994407 eth0  In  IP 192.0.2.123.80 > 192.0.2.10.49852: Flags [S.], seq 9693263, ack 2358685328, win 65535, length 0
14:22:09.994410 eth0  In  IP 192.0.2.123.80 > 192.0.2.10.49852: Flags [S.], seq 9693263, ack 2358685329, win 65535, length 0
14:22:09.994411 eth0  In  IP 192.0.2.123.80 > 192.0.2.10.49852: Flags [S.], seq 9693263, ack 2358685330, win 65535, length 0
14:22:09.994413 eth0  In  IP 192.0.2.123.80 > 192.0.2.10.49852: Flags [S.], seq 9693263, ack 2358685331, win 65535, length 0
14:22:09.994717 eth0  In  IP 192.0.2.123.80 > 192.0.2.10.49852: Flags [S.], seq 9693263, ack 2358685332, win 65535, length 0
14:22:09.994719 eth0  In  IP 192.0.2.123.80 > 192.0.2.10.49852: Flags [S.], seq 9693263, ack 2358685333, win 65535, length 0
14:22:09.994721 eth0  In  IP 192.0.2.123.80 > 192.0.2.10.49852: Flags [S.], seq 9693263, ack 2358685334, win 65535, length 0
14:22:09.994722 eth0  In  IP 192.0.2.123.80 > 192.0.2.10.49852: Flags [S.], seq 9693263, ack 2358685335, win 65535, length 0
14:22:09.994724 eth0  In  IP 192.0.2.123.80 > 192.0.2.10.49852: Flags [S.], seq 9693263, ack 2358685336, win 65535, length 0
14:22:09.994725 eth0  In  IP 192.0.2.123.80 > 192.0.2.10.49852: Flags [S.], seq 9693263, ack 2358685337, win 65535, length 0
14:22:09.994727 eth0  In  IP 192.0.2.123.80 > 192.0.2.10.49852: Flags [S.], seq 9693263, ack 2358685338, win 65535, length 0
14:22:09.994729 eth0  In  IP 192.0.2.123.80 > 192.0.2.10.49852: Flags [S.], seq 9693263, ack 2358685339, win 65535, length 0
14:22:09.994730 eth0  In  IP 192.0.2.123.80 > 192.0.2.10.49852: Flags [S.], seq 9693263, ack 2358685340, win 65535, length 0
14:22:09.994732 eth0  In  IP 192.0.2.123.80 > 192.0.2.10.49852: Flags [S.], seq 9693263, ack 2358685341, win 65535, length 0
14:22:09.994734 eth0  In  IP 192.0.2.123.80 > 192.0.2.10.49852: Flags [S.], seq 9693263, ack 2358685342, win 65535, length 0
14:22:09.994735 eth0  In  IP 192.0.2.123.80 > 192.0.2.10.49852: Flags [S.], seq 9693263, ack 2358685343, win 65535, length 0
14:22:09.994737 eth0  In  IP 192.0.2.123.80 > 192.0.2.10.49852: Flags [S.], seq 9693263, ack 2358685344, win 65535, length 0
14:22:09.994738 eth0  In  IP 192.0.2.123.80 > 192.0.2.10.49852: Flags [S.], seq 9693263, ack 2358685345, win 65535, length 0
14:22:09.994740 eth0  In  IP 192.0.2.123.80 > 192.0.2.10.49852: Flags [S.], seq 9693263, ack 2358685346, win 65535, length 0
14:22:09.994742 eth0  In  IP 192.0.2.123.80 > 192.0.2.10.49852: Flags [S.], seq 9693263, ack 2358685347, win 65535, length 0
14:22:09.994743 eth0  In  IP 192.0.2.123.80 > 192.0.2.10.49852: Flags [S.], seq 9693263, ack 2358685348, win 65535, length 0
14:22:09.994745 eth0  In  IP 192.0.2.123.80 > 192.0.2.10.49852: Flags [S.], seq 9693263, ack 2358685349, win 65535, length 0
14:22:09.994747 eth0  In  IP 192.0.2.123.80 > 192.0.2.10.49852: Flags [S.], seq 9693263, ack 2358685350, win 65535, length 0
14:22:09.994748 eth0  In  IP 192.0.2.123.80 > 192.0.2.10.49852: Flags [S.], seq 9693263, ack 2358685351, win 65535, length 0
14:22:09.994750 eth0  In  IP 192.0.2.123.80 > 192.0.2.10.49852: Flags [S.], seq 9693263, ack 2358685352, win 65535, length 0
14:22:09.994751 eth0  In  IP 192.0.2.123.80 > 192.0.2.10.49852: Flags [S.], seq 9693263, ack 2358685353, win 65535, length 0
14:22:09.994753 eth0  In  IP 192.0.2.123.80 > 192.0.2.10.49852: Flags [S.], seq 9693263, ack 2358685354, win 65535, length 0
14:22:09.994755 eth0  In  IP 192.0.2.123.80 > 192.0.2.10.49852: Flags [S.], seq 9693263, ack 2358685355, win 65535, length 0
14:22:09.994756 eth0  In  IP 192.0.2.123.80 > 192.0.2.10.49852: Flags [S.], seq 9693263, ack 2358685356, win 65535, length 0
14:22:09.994758 eth0  In  IP 192.0.2.123.80 > 192.0.2.10.49852: Flags [S.], seq 9693263, ack 2358685357, win 65535, length 0
14:22:09.994759 eth0  In  IP 192.0.2.123.80 > 192.0.2.10.49852: Flags [S.], seq 9693263, ack 2358685358, win 65535, length 0
14:22:09.994761 eth0  In  IP 192.0.2.123.80 > 192.0.2.10.49852: Flags [S.], seq 9693263, ack 2358685359, win 65535, length 0
14:22:09.994763 eth0  In  IP 192.0.2.123.80 > 192.0.2.10.49852: Flags [S.], seq 9693263, ack 2358685360, win 65535, length 0
14:22:09.994764 eth0  In  IP 192.0.2.123.80 > 192.0.2.10.49852: Flags [S.], seq 9693263, ack 2358685361, win 65535, length 0
14:22:09.994766 eth0  In  IP 192.0.2.123.80 > 192.0.2.10.49852: Flags [S.], seq 9693263, ack 2358685362, win 65535, length 0
14:22:09.994768 eth0  In  IP 192.0.2.123.80 > 192.0.2.10.49852: Flags [S.], seq 9693263, ack 2358685363, win 65535, length 0
14:22:09.995072 eth0  In  IP 192.0.2.123.80 > 192.0.2.10.49852: Flags [S.], seq 9693263, ack 2358685364, win 65535, length 0
14:22:09.995074 eth0  In  IP 192.0.2.123.80 > 192.0.2.10.49852: Flags [S.], seq 9693263, ack 2358685365, win 65535, length 0
14:22:09.995075 eth0  In  IP 192.0.2.123.80 > 192.0.2.10.49852: Flags [S.], seq 9693263, ack 2358685366, win 65535, length 0
14:22:09.995077 eth0  In  IP 192.0.2.123.80 > 192.0.2.10.49852: Flags [S.], seq 9693263, ack 2358685367, win 65535, length 0
14:22:09.995078 eth0  In  IP 192.0.2.123.80 > 192.0.2.10.49852: Flags [S.], seq 9693263, ack 2358685368, win 65535, length 0
14:22:09.995080 eth0  In  IP 192.0.2.123.80 > 192.0.2.10.49852: Flags [S.], seq 9693263, ack 2358685369, win 65535, length 0
14:22:09.995082 eth0  In  IP 192.0.2.123.80 > 192.0.2.10.49852: Flags [S.], seq 9693263, ack 2358685370, win 65535, length 0
14:22:09.995084 eth0  In  IP 192.0.2.123.80 > 192.0.2.10.49852: Flags [S.], seq 9693263, ack 2358685371, win 65535, length 0
14:22:09.995086 eth0  In  IP 192.0.2.123.80 > 192.0.2.10.49852: Flags [S.], seq 9693263, ack 2358685372, win 65535, length 0
14:22:09.995088 eth0  In  IP 192.0.2.123.80 > 192.0.2.10.49852: Flags [S.], seq 9693263, ack 2358685373, win 65535, length 0
14:22:09.995089 eth0  In  IP 192.0.2.123.80 > 192.0.2.10.49852: Flags [S.], seq 9693263, ack 2358685374, win 65535, length 0
14:22:09.995091 eth0  In  IP 192.0.2.123.80 > 192.0.2.10.49852: Flags [S.], seq 9693263, ack 2358685375, win 65535, length 0
14:22:09.995092 eth0  In  IP 192.0.2.123.80 > 192.0.2.10.49852: Flags [S.], seq 9693263, ack 2358685376, win 65535, length 0
14:22:09.995094 eth0  In  IP 192.0.2.123.80 > 192.0.2.10.49852: Flags [S.], seq 9693263, ack 2358685377, win 65535, length 0
14:22:09.995096 eth0  In  IP 192.0.2.123.80 > 192.0.2.10.49852: Flags [S.], seq 9693263, ack 2358685378, win 65535, length 0
14:22:09.995097 eth0  In  IP 192.0.2.123.80 > 192.0.2.10.49852: Flags [S.], seq 9693263, ack 2358685379, win 65535, length 0
14:22:09.995099 eth0  In  IP 192.0.2.123.80 > 192.0.2.10.49852: Flags [S.], seq 9693263, ack 2358685380, win 65535, length 0
14:22:09.995101 eth0  In  IP 192.0.2.123.80 > 192.0.2.10.49852: Flags [S.], seq 9693263, ack 2358685381, win 65535, length 0
14:22:09.995102 eth0  In  IP 192.0.2.123.80 > 192.0.2.10.49852: Flags [S.], seq 9693263, ack 2358685382, win 65535, length 0
14:22:09.995104 eth0  In  IP 192.0.2.123.80 > 192.0.2.10.49852: Flags [S.], seq 9693263, ack 2358685383, win 65535, length 0
14:22:09.995105 eth0  In  IP 192.0.2.123.80 > 192.0.2.10.49852: Flags [S.], seq 9693263, ack 2358685384, win 65535, length 0
14:22:09.995107 eth0  In  IP 192.0.2.123.80 > 192.0.2.10.49852: Flags [S.], seq 9693263, ack 2358685385, win 65535, length 0
14:22:09.995109 eth0  In  IP 192.0.2.123.80 > 192.0.2.10.49852: Flags [S.], seq 9693263, ack 2358685386, win 65535, length 0
14:22:09.995110 eth0  In  IP 192.0.2.123.80 > 192.0.2.10.49852: Flags [S.], seq 9693263, ack 2358685387, win 65535, length 0
14:22:09.995112 eth0  In  IP 192.0.2.123.80 > 192.0.2.10.49852: Flags [S.], seq 9693263, ack 2358685388, win 65535, length 0
14:22:09.995113 eth0  In  IP 192.0.2.123.80 > 192.0.2.10.49852: Flags [S.], seq 9693263, ack 2358685389, win 65535, length 0
14:22:09.995115 eth0  In  IP 192.0.2.123.80 > 192.0.2.10.49852: Flags [S.], seq 9693263, ack 2358685390, win 65535, length 0
14:22:09.995117 eth0  In  IP 192.0.2.123.80 > 192.0.2.10.49852: Flags [S.], seq 9693263, ack 2358685391, win 65535, length 0
14:22:09.995118 eth0  In  IP 192.0.2.123.80 > 192.0.2.10.49852: Flags [S.], seq 9693263, ack 2358685392, win 65535, length 0
14:22:09.995120 eth0  In  IP 192.0.2.123.80 > 192.0.2.10.49852: Flags [S.], seq 9693263, ack 2358685393, win 65535, length 0
14:22:09.995121 eth0  In  IP 192.0.2.123.80 > 192.0.2.10.49852: Flags [S.], seq 9693263, ack 2358685394, win 65535, length 0
14:22:09.995123 eth0  In  IP 192.0.2.123.80 > 192.0.2.10.49852: Flags [S.], seq 9693263, ack 2358685395, win 65535, length 0
14:22:09.995427 eth0  In  IP 192.0.2.123.80 > 192.0.2.10.49852: Flags [S.], seq 9693263, ack 2358685396, win 65535, length 0
14:22:09.995429 eth0  In  IP 192.0.2.123.80 > 192.0.2.10.49852: Flags [S.], seq 9693263, ack 2358685397, win 65535, length 0
14:22:09.995431 eth0  In  IP 192.0.2.123.80 > 192.0.2.10.49852: Flags [S.], seq 9693263, ack 2358685398, win 65535, length 0
14:22:09.995432 eth0  In  IP 192.0.2.123.80 > 192.0.2.10.49852: Flags [S.], seq 9693263, ack 2358685399, win 65535, length 0
14:22:09.995434 eth0  In  IP 192.0.2.123.80 > 192.0.2.10.49852: Flags [S.], seq 9693263, ack 2358685400, win 65535, length 0
14:22:09.995435 eth0  In  IP 192.0.2.123.80 > 192.0.2.10.49852: Flags [S.], seq 9693263, ack 2358685401, win 65535, length 0
14:22:09.995437 eth0  In  IP 192.0.2.123.80 > 192.0.2.10.49852: Flags [S.], seq 9693263, ack 2358685402, win 65535, length 0
14:22:09.995439 eth0  In  IP 192.0.2.123.80 > 192.0.2.10.49852: Flags [S.], seq 9693263, ack 2358685403, win 65535, length 0
14:22:09.995440 eth0  In  IP 192.0.2.123.80 > 192.0.2.10.49852: Flags [S.], seq 9693263, ack 2358685404, win 65535, length 0
14:22:09.995442 eth0  In  IP 192.0.2.123.80 > 192.0.2.10.49852: Flags [S.], seq 9693263, ack 2358685405, win 65535, length 0
14:22:09.995444 eth0  In  IP 192.0.2.123.80 > 192.0.2.10.49852: Flags [S.], seq 9693263, ack 2358685406, win 65535, length 0
14:22:09.995445 eth0  In  IP 192.0.2.123.80 > 192.0.2.10.49852: Flags [S.], seq 9693263, ack 2358685407, win 65535, length 0
14:22:09.995447 eth0  In  IP 192.0.2.123.80 > 192.0.2.10.49852: Flags [S.], seq 9693263, ack 2358685408, win 65535, length 0
14:22:09.995448 eth0  In  IP 192.0.2.123.80 > 192.0.2.10.49852: Flags [S.], seq 9693263, ack 2358685409, win 65535, length 0
14:22:09.995450 eth0  In  IP 192.0.2.123.80 > 192.0.2.10.49852: Flags [S.], seq 9693263, ack 2358685410, win 65535, length 0
14:22:09.995452 eth0  In  IP 192.0.2.123.80 > 192.0.2.10.49852: Flags [S.], seq 9693263, ack 2358685411, win 65535, length 0
14:22:09.995453 eth0  In  IP 192.0.2.123.80 > 192.0.2.10.49852: Flags [S.], seq 9693263, ack 2358685412, win 65535, length 0
14:22:09.995456 eth0  In  IP 192.0.2.123.80 > 192.0.2.10.49852: Flags [S.], seq 9693263, ack 2358685413, win 65535, length 0
14:22:09.995457 eth0  In  IP 192.0.2.123.80 > 192.0.2.10.49852: Flags [S.], seq 9693263, ack 2358685414, win 65535, length 0
14:22:09.995459 eth0  In  IP 192.0.2.123.80 > 192.0.2.10.49852: Flags [S.], seq 9693263, ack 2358685415, win 65535, length 0
14:22:09.995461 eth0  In  IP 192.0.2.123.80 > 192.0.2.10.49852: Flags [S.], seq 9693263, ack 2358685416, win 65535, length 0
14:22:09.995462 eth0  In  IP 192.0.2.123.80 > 192.0.2.10.49852: Flags [S.], seq 9693263, ack 2358685417, win 65535, length 0
14:22:09.995464 eth0  In  IP 192.0.2.123.80 > 192.0.2.10.49852: Flags [S.], seq 9693263, ack 2358685418, win 65535, length 0
14:22:09.995465 eth0  In  IP 192.0.2.123.80 > 192.0.2.10.49852: Flags [S.], seq 9693263, ack 2358685419, win 65535, length 0
14:22:09.995467 eth0  In  IP 192.0.2.123.80 > 192.0.2.10.49852: Flags [S.], seq 9693263, ack 2358685420, win 65535, length 0
14:22:09.995469 eth0  In  IP 192.0.2.123.80 > 192.0.2.10.49852: Flags [S.], seq 9693263, ack 2358685421, win 65535, length 0
14:22:09.995470 eth0  In  IP 192.0.2.123.80 > 192.0.2.10.49852: Flags [S.], seq 9693263, ack 2358685422, win 65535, length 0
14:22:09.995472 eth0  In  IP 192.0.2.123.80 > 192.0.2.10.49852: Flags [S.], seq 9693263, ack 2358685423, win 65535, length 0
14:22:09.995473 eth0  In  IP 192.0.2.123.80 > 192.0.2.10.49852: Flags [S.], seq 9693263, ack 2358685424, win 65535, length 0
14:22:09.995475 eth0  In  IP 192.0.2.123.80 > 192.0.2.10.49852: Flags [S.], seq 9693263, ack 2358685425, win 65535, length 0
14:22:09.995477 eth0  In  IP 192.0.2.123.80 > 192.0.2.10.49852: Flags [S.], seq 9693263, ack 2358685426, win 65535, length 0
14:22:09.995478 eth0  In  IP 192.0.2.123.80 > 192.0.2.10.49852: Flags [S.], seq 9693263, ack 2358685427, win 65535, length 0
14:22:09.995782 eth0  In  IP 192.0.2.123.80 > 192.0.2.10.49852: Flags [S.], seq 9693263, ack 2358685428, win 65535, length 0
14:22:09.995784 eth0  In  IP 192.0.2.123.80 > 192.0.2.10.49852: Flags [S.], seq 9693263, ack 2358685429, win 65535, length 0
14:22:09.995786 eth0  In  IP 192.0.2.123.80 > 192.0.2.10.49852: Flags [S.], seq 9693263, ack 2358685430, win 65535, length 0
14:22:09.995787 eth0  In  IP 192.0.2.123.80 > 192.0.2.10.49852: Flags [S.], seq 9693263, ack 2358685431, win 65535, length 0
14:22:09.995789 eth0  In  IP 192.0.2.123.80 > 192.0.2.10.49852: Flags [S.], seq 9693263, ack 2358685432, win 65535, length 0
14:22:09.995791 eth0  In  IP 192.0.2.123.80 > 192.0.2.10.49852: Flags [S.], seq 9693263, ack 2358685433, win 65535, length 0
14:22:09.995792 eth0  In  IP 192.0.2.123.80 > 192.0.2.10.49852: Flags [S.], seq 9693263, ack 2358685434, win 65535, length 0
14:22:09.995794 eth0  In  IP 192.0.2.123.80 > 192.0.2.10.49852: Flags [S.], seq 9693263, ack 2358685435, win 65535, length 0
14:22:09.995795 eth0  In  IP 192.0.2.123.80 > 192.0.2.10.49852: Flags [S.], seq 9693263, ack 2358685436, win 65535, length 0
14:22:09.995797 eth0  In  IP 192.0.2.123.80 > 192.0.2.10.49852: Flags [S.], seq 9693263, ack 2358685437, win 65535, length 0
14:22:09.995799 eth0  In  IP 192.0.2.123.80 > 192.0.2.10.49852: Flags [S.], seq 9693263, ack 2358685438, win 65535, length 0
14:22:09.995800 eth0  In  IP 192.0.2.123.80 > 192.0.2.10.49852: Flags [S.], seq 9693263, ack 2358685439, win 65535, length 0
14:22:09.995802 eth0  In  IP 192.0.2.123.80 > 192.0.2.10.49852: Flags [S.], seq 9693263, ack 2358685440, win 65535, length 0
14:22:09.995804 eth0  In  IP 192.0.2.123.80 > 192.0.2.10.49852: Flags [S.], seq 9693263, ack 2358685441, win 65535, length 0
14:22:09.995805 eth0  In  IP 192.0.2.123.80 > 192.0.2.10.49852: Flags [S.], seq 9693263, ack 2358685442, win 65535, length 0
14:22:09.995807 eth0  In  IP 192.0.2.123.80 > 192.0.2.10.49852: Flags [S.], seq 9693263, ack 2358685443, win 65535, length 0
14:22:09.995808 eth0  In  IP 192.0.2.123.80 > 192.0.2.10.49852: Flags [S.], seq 9693263, ack 2358685444, win 65535, length 0
14:22:09.995810 eth0  In  IP 192.0.2.123.80 > 192.0.2.10.49852: Flags [S.], seq 9693263, ack 2358685445, win 65535, length 0
14:22:09.995812 eth0  In  IP 192.0.2.123.80 > 192.0.2.10.49852: Flags [S.], seq 9693263, ack 2358685446, win 65535, length 0
14:22:09.995813 eth0  In  IP 192.0.2.123.80 > 192.0.2.10.49852: Flags [S.], seq 9693263, ack 2358685447, win 65535, length 0
14:22:09.995815 eth0  In  IP 192.0.2.123.80 > 192.0.2.10.49852: Flags [S.], seq 9693263, ack 2358685448, win 65535, length 0
14:22:09.995817 eth0  In  IP 192.0.2.123.80 > 192.0.2.10.49852: Flags [S.], seq 9693263, ack 2358685449, win 65535, length 0
14:22:09.995818 eth0  In  IP 192.0.2.123.80 > 192.0.2.10.49852: Flags [S.], seq 9693263, ack 2358685450, win 65535, length 0
14:22:09.995820 eth0  In  IP 192.0.2.123.80 > 192.0.2.10.49852: Flags [S.], seq 9693263, ack 2358685451, win 65535, length 0
14:22:09.995821 eth0  In  IP 192.0.2.123.80 > 192.0.2.10.49852: Flags [S.], seq 9693263, ack 2358685452, win 65535, length 0
14:22:09.995823 eth0  In  IP 192.0.2.123.80 > 192.0.2.10.49852: Flags [S.], seq 9693263, ack 2358685453, win 65535, length 0
14:22:09.995825 eth0  In  IP 192.0.2.123.80 > 192.0.2.10.49852: Flags [S.], seq 9693263, ack 2358685454, win 65535, length 0
14:22:09.995827 eth0  In  IP 192.0.2.123.80 > 192.0.2.10.49852: Flags [S.], seq 9693263, ack 2358685455, win 65535, length 0
14:22:09.995829 eth0  In  IP 192.0.2.123.80 > 192.0.2.10.49852: Flags [S.], seq 9693263, ack 2358685456, win 65535, length 0
14:22:09.995831 eth0  In  IP 192.0.2.123.80 > 192.0.2.10.49852: Flags [S.], seq 9693263, ack 2358685457, win 65535, length 0
14:22:09.995832 eth0  In  IP 192.0.2.123.80 > 192.0.2.10.49852: Flags [S.], seq 9693263, ack 2358685458, win 65535, length 0
14:22:09.995834 eth0  In  IP 192.0.2.123.80 > 192.0.2.10.49852: Flags [S.], seq 9693263, ack 2358685459, win 65535, length 0
14:22:09.996138 eth0  In  IP 192.0.2.123.80 > 192.0.2.10.49852: Flags [S.], seq 9693263, ack 2358685460, win 65535, length 0
14:22:09.996140 eth0  In  IP 192.0.2.123.80 > 192.0.2.10.49852: Flags [S.], seq 9693263, ack 2358685461, win 65535, length 0
14:22:09.996142 eth0  In  IP 192.0.2.123.80 > 192.0.2.10.49852: Flags [S.], seq 9693263, ack 2358685462, win 65535, length 0
14:22:09.996143 eth0  In  IP 192.0.2.123.80 > 192.0.2.10.49852: Flags [S.], seq 9693263, ack 2358685463, win 65535, length 0
14:22:09.996145 eth0  In  IP 192.0.2.123.80 > 192.0.2.10.49852: Flags [S.], seq 9693263, ack 2358685464, win 65535, length 0
14:22:09.996146 eth0  In  IP 192.0.2.123.80 > 192.0.2.10.49852: Flags [S.], seq 9693263, ack 2358685465, win 65535, length 0
14:22:09.996148 eth0  In  IP 192.0.2.123.80 > 192.0.2.10.49852: Flags [S.], seq 9693263, ack 2358685466, win 65535, length 0
14:22:09.996150 eth0  In  IP 192.0.2.123.80 > 192.0.2.10.49852: Flags [S.], seq 9693263, ack 2358685467, win 65535, length 0
14:22:09.996151 eth0  In  IP 192.0.2.123.80 > 192.0.2.10.49852: Flags [S.], seq 9693263, ack 2358685468, win 65535, length 0
14:22:09.996153 eth0  In  IP 192.0.2.123.80 > 192.0.2.10.49852: Flags [S.], seq 9693263, ack 2358685469, win 65535, length 0
14:22:09.996154 eth0  In  IP 192.0.2.123.80 > 192.0.2.10.49852: Flags [S.], seq 9693263, ack 2358685470, win 65535, length 0
14:22:09.996156 eth0  In  IP 192.0.2.123.80 > 192.0.2.10.49852: Flags [S.], seq 9693263, ack 2358685471, win 65535, length 0
14:22:09.996158 eth0  In  IP 192.0.2.123.80 > 192.0.2.10.49852: Flags [S.], seq 9693263, ack 2358685472, win 65535, length 0
14:22:09.996159 eth0  In  IP 192.0.2.123.80 > 192.0.2.10.49852: Flags [S.], seq 9693263, ack 2358685473, win 65535, length 0
14:22:09.996161 eth0  In  IP 192.0.2.123.80 > 192.0.2.10.49852: Flags [S.], seq 9693263, ack 2358685474, win 65535, length 0
14:22:09.996162 eth0  In  IP 192.0.2.123.80 > 192.0.2.10.49852: Flags [S.], seq 9693263, ack 2358685475, win 65535, length 0
14:22:09.996164 eth0  In  IP 192.0.2.123.80 > 192.0.2.10.49852: Flags [S.], seq 9693263, ack 2358685476, win 65535, length 0
14:22:09.996166 eth0  In  IP 192.0.2.123.80 > 192.0.2.10.49852: Flags [S.], seq 9693263, ack 2358685477, win 65535, length 0
14:22:09.996167 eth0  In  IP 192.0.2.123.80 > 192.0.2.10.49852: Flags [S.], seq 9693263, ack 2358685478, win 65535, length 0
14:22:09.996169 eth0  In  IP 192.0.2.123.80 > 192.0.2.10.49852: Flags [S.], seq 9693263, ack 2358685479, win 65535, length 0
14:22:09.996170 eth0  In  IP 192.0.2.123.80 > 192.0.2.10.49852: Flags [S.], seq 9693263, ack 2358685480, win 65535, length 0
14:22:09.996172 eth0  In  IP 192.0.2.123.80 > 192.0.2.10.49852: Flags [S.], seq 9693263, ack 2358685481, win 65535, length 0
14:22:09.996174 eth0  In  IP 192.0.2.123.80 > 192.0.2.10.49852: Flags [S.], seq 9693263, ack 2358685482, win 65535, length 0
14:22:09.996175 eth0  In  IP 192.0.2.123.80 > 192.0.2.10.49852: Flags [S.], seq 9693263, ack 2358685483, win 65535, length 0
14:22:09.996177 eth0  In  IP 192.0.2.123.80 > 192.0.2.10.49852: Flags [S.], seq 9693263, ack 2358685484, win 65535, length 0
14:22:09.996179 eth0  In  IP 192.0.2.123.80 > 192.0.2.10.49852: Flags [S.], seq 9693263, ack 2358685485, win 65535, length 0
14:22:09.996180 eth0  In  IP 192.0.2.123.80 > 192.0.2.10.49852: Flags [S.], seq 9693263, ack 2358685486, win 65535, length 0
14:22:09.996182 eth0  In  IP 192.0.2.123.80 > 192.0.2.10.49852: Flags [S.], seq 9693263, ack 2358685487, win 65535, length 0
14:22:09.996183 eth0  In  IP 192.0.2.123.80 > 192.0.2.10.49852: Flags [S.], seq 9693263, ack 2358685488, win 65535, length 0
14:22:09.996185 eth0  In  IP 192.0.2.123.80 > 192.0.2.10.49852: Flags [S.], seq 9693263, ack 2358685489, win 65535, length 0
14:22:09.996187 eth0  In  IP 192.0.2.123.80 > 192.0.2.10.49852: Flags [S.], seq 9693263, ack 2358685490, win 65535, length 0
14:22:09.996188 eth0  In  IP 192.0.2.123.80 > 192.0.2.10.49852: Flags [S.], seq 9693263, ack 2358685491, win 65535, length 0
14:22:09.996492 eth0  In  IP 192.0.2.123.80 > 192.0.2.10.49852: Flags [S.], seq 9693263, ack 2358685492, win 65535, length 0
14:22:09.996494 eth0  In  IP 192.0.2.123.80 > 192.0.2.10.49852: Flags [S.], seq 9693263, ack 2358685493, win 65535, length 0
14:22:09.996496 eth0  In  IP 192.0.2.123.80 > 192.0.2.10.49852: Flags [S.], seq 9693263, ack 2358685494, win 65535, length 0
14:22:09.996497 eth0  In  IP 192.0.2.123.80 > 192.0.2.10.49852: Flags [S.], seq 9693263, ack 2358685495, win 65535, length 0
14:22:09.996499 eth0  In  IP 192.0.2.123.80 > 192.0.2.10.49852: Flags [S.], seq 9693263, ack 2358685496, win 65535, length 0
14:22:09.996502 eth0  In  IP 192.0.2.123.80 > 192.0.2.10.49852: Flags [S.], seq 9693263, ack 2358685497, win 65535, length 0
14:22:09.996503 eth0  In  IP 192.0.2.123.80 > 192.0.2.10.49852: Flags [S.], seq 9693263, ack 2358685498, win 65535, length 0
14:22:09.996505 eth0  In  IP 192.0.2.123.80 > 192.0.2.10.49852: Flags [S.], seq 9693263, ack 2358685499, win 65535, length 0
14:22:09.996506 eth0  In  IP 192.0.2.123.80 > 192.0.2.10.49852: Flags [S.], seq 9693263, ack 2358685500, win 65535, length 0
14:22:09.996508 eth0  In  IP 192.0.2.123.80 > 192.0.2.10.49852: Flags [S.], seq 9693263, ack 2358685501, win 65535, length 0
14:22:09.996510 eth0  In  IP 192.0.2.123.80 > 192.0.2.10.49852: Flags [S.], seq 9693263, ack 2358685502, win 65535, length 0
14:22:09.996511 eth0  In  IP 192.0.2.123.80 > 192.0.2.10.49852: Flags [S.], seq 9693263, ack 2358685503, win 65535, length 0
14:22:09.996513 eth0  In  IP 192.0.2.123.80 > 192.0.2.10.49852: Flags [S.], seq 9693263, ack 2358685504, win 65535, length 0
14:22:09.996515 eth0  In  IP 192.0.2.123.80 > 192.0.2.10.49852: Flags [S.], seq 9693263, ack 2358685505, win 65535, length 0
14:22:09.996516 eth0  In  IP 192.0.2.123.80 > 192.0.2.10.49852: Flags [S.], seq 9693263, ack 2358685506, win 65535, length 0
14:22:09.996518 eth0  In  IP 192.0.2.123.80 > 192.0.2.10.49852: Flags [S.], seq 9693263, ack 2358685507, win 65535, length 0
14:22:09.996519 eth0  In  IP 192.0.2.123.80 > 192.0.2.10.49852: Flags [S.], seq 9693263, ack 2358685508, win 65535, length 0
14:22:09.996521 eth0  In  IP 192.0.2.123.80 > 192.0.2.10.49852: Flags [S.], seq 9693263, ack 2358685509, win 65535, length 0
14:22:09.996523 eth0  In  IP 192.0.2.123.80 > 192.0.2.10.49852: Flags [S.], seq 9693263, ack 2358685510, win 65535, length 0
14:22:09.996524 eth0  In  IP 192.0.2.123.80 > 192.0.2.10.49852: Flags [S.], seq 9693263, ack 2358685511, win 65535, length 0
14:22:09.996526 eth0  In  IP 192.0.2.123.80 > 192.0.2.10.49852: Flags [S.], seq 9693263, ack 2358685512, win 65535, length 0
14:22:09.996527 eth0  In  IP 192.0.2.123.80 > 192.0.2.10.49852: Flags [S.], seq 9693263, ack 2358685513, win 65535, length 0
14:22:09.996529 eth0  In  IP 192.0.2.123.80 > 192.0.2.10.49852: Flags [S.], seq 9693263, ack 2358685514, win 65535, length 0
14:22:09.996531 eth0  In  IP 192.0.2.123.80 > 192.0.2.10.49852: Flags [S.], seq 9693263, ack 2358685515, win 65535, length 0
14:22:09.996532 eth0  In  IP 192.0.2.123.80 > 192.0.2.10.49852: Flags [S.], seq 9693263, ack 2358685516, win 65535, length 0
14:22:09.996534 eth0  In  IP 192.0.2.123.80 > 192.0.2.10.49852: Flags [S.], seq 9693263, ack 2358685517, win 65535, length 0
14:22:09.996536 eth0  In  IP 192.0.2.123.80 > 192.0.2.10.49852: Flags [S.], seq 9693263, ack 2358685518, win 65535, length 0
14:22:09.996537 eth0  In  IP 192.0.2.123.80 > 192.0.2.10.49852: Flags [S.], seq 9693263, ack 2358685519, win 65535, length 0
14:22:09.996539 eth0  In  IP 192.0.2.123.80 > 192.0.2.10.49852: Flags [S.], seq 9693263, ack 2358685520, win 65535, length 0
14:22:09.996540 eth0  In  IP 192.0.2.123.80 > 192.0.2.10.49852: Flags [S.], seq 9693263, ack 2358685521, win 65535, length 0
14:22:09.996542 eth0  In  IP 192.0.2.123.80 > 192.0.2.10.49852: Flags [S.], seq 9693263, ack 2358685522, win 65535, length 0
14:22:09.996544 eth0  In  IP 192.0.2.123.80 > 192.0.2.10.49852: Flags [S.], seq 9693263, ack 2358685523, win 65535, length 0
14:22:09.996848 eth0  In  IP 192.0.2.123.80 > 192.0.2.10.49852: Flags [S.], seq 9693263, ack 2358685524, win 65535, length 0
14:22:09.996850 eth0  In  IP 192.0.2.123.80 > 192.0.2.10.49852: Flags [S.], seq 9693263, ack 2358685525, win 65535, length 0
14:22:09.996851 eth0  In  IP 192.0.2.123.80 > 192.0.2.10.49852: Flags [S.], seq 9693263, ack 2358685526, win 65535, length 0
14:22:09.996853 eth0  In  IP 192.0.2.123.80 > 192.0.2.10.49852: Flags [S.], seq 9693263, ack 2358685527, win 65535, length 0
14:22:09.996854 eth0  In  IP 192.0.2.123.80 > 192.0.2.10.49852: Flags [S.], seq 9693263, ack 2358685528, win 65535, length 0
14:22:09.996856 eth0  In  IP 192.0.2.123.80 > 192.0.2.10.49852: Flags [S.], seq 9693263, ack 2358685529, win 65535, length 0
14:22:09.996858 eth0  In  IP 192.0.2.123.80 > 192.0.2.10.49852: Flags [S.], seq 9693263, ack 2358685530, win 65535, length 0
14:22:09.996859 eth0  In  IP 192.0.2.123.80 > 192.0.2.10.49852: Flags [S.], seq 9693263, ack 2358685531, win 65535, length 0
14:22:09.996861 eth0  In  IP 192.0.2.123.80 > 192.0.2.10.49852: Flags [S.], seq 9693263, ack 2358685532, win 65535, length 0
14:22:09.996862 eth0  In  IP 192.0.2.123.80 > 192.0.2.10.49852: Flags [S.], seq 9693263, ack 2358685533, win 65535, length 0
14:22:09.996864 eth0  In  IP 192.0.2.123.80 > 192.0.2.10.49852: Flags [S.], seq 9693263, ack 2358685534, win 65535, length 0
14:22:09.996866 eth0  In  IP 192.0.2.123.80 > 192.0.2.10.49852: Flags [S.], seq 9693263, ack 2358685535, win 65535, length 0
14:22:09.996867 eth0  In  IP 192.0.2.123.80 > 192.0.2.10.49852: Flags [S.], seq 9693263, ack 2358685536, win 65535, length 0
14:22:09.996869 eth0  In  IP 192.0.2.123.80 > 192.0.2.10.49852: Flags [S.], seq 9693263, ack 2358685537, win 65535, length 0
14:22:09.996871 eth0  In  IP 192.0.2.123.80 > 192.0.2.10.49852: Flags [S.], seq 9693263, ack 2358685538, win 65535, length 0
14:22:09.996873 eth0  In  IP 192.0.2.123.80 > 192.0.2.10.49852: Flags [S.], seq 9693263, ack 2358685539, win 65535, length 0
14:22:09.996875 eth0  In  IP 192.0.2.123.80 > 192.0.2.10.49852: Flags [S.], seq 9693263, ack 2358685540, win 65535, length 0
14:22:09.996876 eth0  In  IP 192.0.2.123.80 > 192.0.2.10.49852: Flags [S.], seq 9693263, ack 2358685541, win 65535, length 0
14:22:09.996878 eth0  In  IP 192.0.2.123.80 > 192.0.2.10.49852: Flags [S.], seq 9693263, ack 2358685542, win 65535, length 0
14:22:09.996880 eth0  In  IP 192.0.2.123.80 > 192.0.2.10.49852: Flags [S.], seq 9693263, ack 2358685543, win 65535, length 0
14:22:09.996881 eth0  In  IP 192.0.2.123.80 > 192.0.2.10.49852: Flags [S.], seq 9693263, ack 2358685544, win 65535, length 0
14:22:09.996883 eth0  In  IP 192.0.2.123.80 > 192.0.2.10.49852: Flags [S.], seq 9693263, ack 2358685545, win 65535, length 0
14:22:09.996884 eth0  In  IP 192.0.2.123.80 > 192.0.2.10.49852: Flags [S.], seq 9693263, ack 2358685546, win 65535, length 0
14:22:09.996886 eth0  In  IP 192.0.2.123.80 > 192.0.2.10.49852: Flags [S.], seq 9693263, ack 2358685547, win 65535, length 0
14:22:09.996888 eth0  In  IP 192.0.2.123.80 > 192.0.2.10.49852: Flags [S.], seq 9693263, ack 2358685548, win 65535, length 0
14:22:09.996889 eth0  In  IP 192.0.2.123.80 > 192.0.2.10.49852: Flags [S.], seq 9693263, ack 2358685549, win 65535, length 0
14:22:09.996891 eth0  In  IP 192.0.2.123.80 > 192.0.2.10.49852: Flags [S.], seq 9693263, ack 2358685550, win 65535, length 0
14:22:09.996893 eth0  In  IP 192.0.2.123.80 > 192.0.2.10.49852: Flags [S.], seq 9693263, ack 2358685551, win 65535, length 0
14:22:09.996894 eth0  In  IP 192.0.2.123.80 > 192.0.2.10.49852: Flags [S.], seq 9693263, ack 2358685552, win 65535, length 0
14:22:09.996896 eth0  In  IP 192.0.2.123.80 > 192.0.2.10.49852: Flags [S.], seq 9693263, ack 2358685553, win 65535, length 0
14:22:09.996897 eth0  In  IP 192.0.2.123.80 > 192.0.2.10.49852: Flags [S.], seq 9693263, ack 2358685554, win 65535, length 0
14:22:09.996899 eth0  In  IP 192.0.2.123.80 > 192.0.2.10.49852: Flags [S.], seq 9693263, ack 2358685555, win 65535, length 0
14:22:09.997203 eth0  In  IP 192.0.2.123.80 > 192.0.2.10.49852: Flags [S.], seq 9693263, ack 2358685556, win 65535, length 0
14:22:09.997205 eth0  In  IP 192.0.2.123.80 > 192.0.2.10.49852: Flags [S.], seq 9693263, ack 2358685557, win 65535, length 0
14:22:09.997207 eth0  In  IP 192.0.2.123.80 > 192.0.2.10.49852: Flags [S.], seq 9693263, ack 2358685558, win 65535, length 0
14:22:09.997208 eth0  In  IP 192.0.2.123.80 > 192.0.2.10.49852: Flags [S.], seq 9693263, ack 2358685559, win 65535, length 0
14:22:09.997210 eth0  In  IP 192.0.2.123.80 > 192.0.2.10.49852: Flags [S.], seq 9693263, ack 2358685560, win 65535, length 0
14:22:09.997212 eth0  In  IP 192.0.2.123.80 > 192.0.2.10.49852: Flags [S.], seq 9693263, ack 2358685561, win 65535, length 0
14:22:09.997213 eth0  In  IP 192.0.2.123.80 > 192.0.2.10.49852: Flags [S.], seq 9693263, ack 2358685562, win 65535, length 0
14:22:09.997215 eth0  In  IP 192.0.2.123.80 > 192.0.2.10.49852: Flags [S.], seq 9693263, ack 2358685563, win 65535, length 0
14:22:09.997216 eth0  In  IP 192.0.2.123.80 > 192.0.2.10.49852: Flags [S.], seq 9693263, ack 2358685564, win 65535, length 0
14:22:09.997218 eth0  In  IP 192.0.2.123.80 > 192.0.2.10.49852: Flags [S.], seq 9693263, ack 2358685565, win 65535, length 0
14:22:09.997220 eth0  In  IP 192.0.2.123.80 > 192.0.2.10.49852: Flags [S.], seq 9693263, ack 2358685566, win 65535, length 0
14:22:09.997221 eth0  In  IP 192.0.2.123.80 > 192.0.2.10.49852: Flags [S.], seq 9693263, ack 2358685567, win 65535, length 0
14:22:09.997223 eth0  In  IP 192.0.2.123.80 > 192.0.2.10.49852: Flags [S.], seq 9693263, ack 2358685568, win 65535, length 0
14:22:09.997224 eth0  In  IP 192.0.2.123.80 > 192.0.2.10.49852: Flags [S.], seq 9693263, ack 2358685569, win 65535, length 0
14:22:09.997226 eth0  In  IP 192.0.2.123.80 > 192.0.2.10.49852: Flags [S.], seq 9693263, ack 2358685570, win 65535, length 0
14:22:09.997228 eth0  In  IP 192.0.2.123.80 > 192.0.2.10.49852: Flags [S.], seq 9693263, ack 2358685571, win 65535, length 0
14:22:09.997229 eth0  In  IP 192.0.2.123.80 > 192.0.2.10.49852: Flags [S.], seq 9693263, ack 2358685572, win 65535, length 0
14:22:09.997231 eth0  In  IP 192.0.2.123.80 > 192.0.2.10.49852: Flags [S.], seq 9693263, ack 2358685573, win 65535, length 0
14:22:09.997232 eth0  In  IP 192.0.2.123.80 > 192.0.2.10.49852: Flags [S.], seq 9693263, ack 2358685574, win 65535, length 0
14:22:09.997234 eth0  In  IP 192.0.2.123.80 > 192.0.2.10.49852: Flags [S.], seq 9693263, ack 2358685575, win 65535, length 0
14:22:09.997236 eth0  In  IP 192.0.2.123.80 > 192.0.2.10.49852: Flags [S.], seq 9693263, ack 2358685576, win 65535, length 0
14:22:09.997237 eth0  In  IP 192.0.2.123.80 > 192.0.2.10.49852: Flags [S.], seq 9693263, ack 2358685577, win 65535, length 0
14:22:09.997239 eth0  In  IP 192.0.2.123.80 > 192.0.2.10.49852: Flags [S.], seq 9693263, ack 2358685578, win 65535, length 0
14:22:09.997241 eth0  In  IP 192.0.2.123.80 > 192.0.2.10.49852: Flags [S.], seq 9693263, ack 2358685579, win 65535, length 0
14:22:09.997242 eth0  In  IP 192.0.2.123.80 > 192.0.2.10.49852: Flags [S.], seq 9693263, ack 2358685580, win 65535, length 0
14:22:09.997245 eth0  In  IP 192.0.2.123.80 > 192.0.2.10.49852: Flags [S.], seq 9693263, ack 2358685581, win 65535, length 0
14:22:09.997246 eth0  In  IP 192.0.2.123.80 > 192.0.2.10.49852: Flags [S.], seq 9693263, ack 2358685582, win 65535, length 0
14:22:09.997248 eth0  In  IP 192.0.2.123.80 > 192.0.2.10.49852: Flags [S.], seq 9693263, ack 2358685583, win 65535, length 0
14:22:09.997249 eth0  In  IP 192.0.2.123.80 > 192.0.2.10.49852: Flags [S.], seq 9693263, ack 2358685584, win 65535, length 0
14:22:09.997251 eth0  In  IP 192.0.2.123.80 > 192.0.2.10.49852: Flags [S.], seq 9693263, ack 2358685585, win 65535, length 0
14:22:09.997253 eth0  In  IP 192.0.2.123.80 > 192.0.2.10.49852: Flags [S.], seq 9693263, ack 2358685586, win 65535, length 0
14:22:09.997254 eth0  In  IP 192.0.2.123.80 > 192.0.2.10.49852: Flags [S.], seq 9693263, ack 2358685587, win 65535, length 0
14:22:09.997558 eth0  In  IP 192.0.2.123.80 > 192.0.2.10.49852: Flags [S.], seq 9693263, ack 2358685588, win 65535, length 0
14:22:09.997560 eth0  In  IP 192.0.2.123.80 > 192.0.2.10.49852: Flags [S.], seq 9693263, ack 2358685589, win 65535, length 0
14:22:09.997562 eth0  In  IP 192.0.2.123.80 > 192.0.2.10.49852: Flags [S.], seq 9693263, ack 2358685590, win 65535, length 0
14:22:09.997563 eth0  In  IP 192.0.2.123.80 > 192.0.2.10.49852: Flags [S.], seq 9693263, ack 2358685591, win 65535, length 0
14:22:09.997565 eth0  In  IP 192.0.2.123.80 > 192.0.2.10.49852: Flags [S.], seq 9693263, ack 2358685592, win 65535, length 0
14:22:09.997567 eth0  In  IP 192.0.2.123.80 > 192.0.2.10.49852: Flags [S.], seq 9693263, ack 2358685593, win 65535, length 0
14:22:09.997568 eth0  In  IP 192.0.2.123.80 > 192.0.2.10.49852: Flags [S.], seq 9693263, ack 2358685594, win 65535, length 0
14:22:09.997570 eth0  In  IP 192.0.2.123.80 > 192.0.2.10.49852: Flags [S.], seq 9693263, ack 2358685595, win 65535, length 0
14:22:09.997571 eth0  In  IP 192.0.2.123.80 > 192.0.2.10.49852: Flags [S.], seq 9693263, ack 2358685596, win 65535, length 0
14:22:09.997573 eth0  In  IP 192.0.2.123.80 > 192.0.2.10.49852: Flags [S.], seq 9693263, ack 2358685597, win 65535, length 0
14:22:09.997575 eth0  In  IP 192.0.2.123.80 > 192.0.2.10.49852: Flags [S.], seq 9693263, ack 2358685598, win 65535, length 0
14:22:09.997576 eth0  In  IP 192.0.2.123.80 > 192.0.2.10.49852: Flags [S.], seq 9693263, ack 2358685599, win 65535, length 0
14:22:09.997578 eth0  In  IP 192.0.2.123.80 > 192.0.2.10.49852: Flags [S.], seq 9693263, ack 2358685600, win 65535, length 0
14:22:09.997580 eth0  In  IP 192.0.2.123.80 > 192.0.2.10.49852: Flags [S.], seq 9693263, ack 2358685601, win 65535, length 0
14:22:09.997581 eth0  In  IP 192.0.2.123.80 > 192.0.2.10.49852: Flags [S.], seq 9693263, ack 2358685602, win 65535, length 0
14:22:09.997583 eth0  In  IP 192.0.2.123.80 > 192.0.2.10.49852: Flags [S.], seq 9693263, ack 2358685603, win 65535, length 0
14:22:09.997584 eth0  In  IP 192.0.2.123.80 > 192.0.2.10.49852: Flags [S.], seq 9693263, ack 2358685604, win 65535, length 0
14:22:09.997586 eth0  In  IP 192.0.2.123.80 > 192.0.2.10.49852: Flags [S.], seq 9693263, ack 2358685605, win 65535, length 0
14:22:09.997588 eth0  In  IP 192.0.2.123.80 > 192.0.2.10.49852: Flags [S.], seq 9693263, ack 2358685606, win 65535, length 0
14:22:09.997589 eth0  In  IP 192.0.2.123.80 > 192.0.2.10.49852: Flags [S.], seq 9693263, ack 2358685607, win 65535, length 0
14:22:09.997591 eth0  In  IP 192.0.2.123.80 > 192.0.2.10.49852: Flags [S.], seq 9693263, ack 2358685608, win 65535, length 0
14:22:09.997592 eth0  In  IP 192.0.2.123.80 > 192.0.2.10.49852: Flags [S.], seq 9693263, ack 2358685609, win 65535, length 0
14:22:09.997594 eth0  In  IP 192.0.2.123.80 > 192.0.2.10.49852: Flags [S.], seq 9693263, ack 2358685610, win 65535, length 0
14:22:09.997596 eth0  In  IP 192.0.2.123.80 > 192.0.2.10.49852: Flags [S.], seq 9693263, ack 2358685611, win 65535, length 0
14:22:09.997597 eth0  In  IP 192.0.2.123.80 > 192.0.2.10.49852: Flags [S.], seq 9693263, ack 2358685612, win 65535, length 0
14:22:09.997599 eth0  In  IP 192.0.2.123.80 > 192.0.2.10.49852: Flags [S.], seq 9693263, ack 2358685613, win 65535, length 0
14:22:09.997601 eth0  In  IP 192.0.2.123.80 > 192.0.2.10.49852: Flags [S.], seq 9693263, ack 2358685614, win 65535, length 0
14:22:09.997602 eth0  In  IP 192.0.2.123.80 > 192.0.2.10.49852: Flags [S.], seq 9693263, ack 2358685615, win 65535, length 0
14:22:09.997604 eth0  In  IP 192.0.2.123.80 > 192.0.2.10.49852: Flags [S.], seq 9693263, ack 2358685616, win 65535, length 0
14:22:09.997605 eth0  In  IP 192.0.2.123.80 > 192.0.2.10.49852: Flags [S.], seq 9693263, ack 2358685617, win 65535, length 0
14:22:09.997607 eth0  In  IP 192.0.2.123.80 > 192.0.2.10.49852: Flags [S.], seq 9693263, ack 2358685618, win 65535, length 0
14:22:09.997609 eth0  In  IP 192.0.2.123.80 > 192.0.2.10.49852: Flags [S.], seq 9693263, ack 2358685619, win 65535, length 0
14:22:09.997913 eth0  In  IP 192.0.2.123.80 > 192.0.2.10.49852: Flags [S.], seq 9693263, ack 2358685620, win 65535, length 0
14:22:09.997914 eth0  In  IP 192.0.2.123.80 > 192.0.2.10.49852: Flags [S.], seq 9693263, ack 2358685621, win 65535, length 0
14:22:09.997916 eth0  In  IP 192.0.2.123.80 > 192.0.2.10.49852: Flags [S.], seq 9693263, ack 2358685622, win 65535, length 0
14:22:09.997919 eth0  In  IP 192.0.2.123.80 > 192.0.2.10.49852: Flags [S.], seq 9693263, ack 2358685623, win 65535, length 0
14:22:09.997920 eth0  In  IP 192.0.2.123.80 > 192.0.2.10.49852: Flags [S.], seq 9693263, ack 2358685624, win 65535, length 0
14:22:09.997922 eth0  In  IP 192.0.2.123.80 > 192.0.2.10.49852: Flags [S.], seq 9693263, ack 2358685625, win 65535, length 0
14:22:09.997924 eth0  In  IP 192.0.2.123.80 > 192.0.2.10.49852: Flags [S.], seq 9693263, ack 2358685626, win 65535, length 0
14:22:09.997925 eth0  In  IP 192.0.2.123.80 > 192.0.2.10.49852: Flags [S.], seq 9693263, ack 2358685627, win 65535, length 0
14:22:09.997927 eth0  In  IP 192.0.2.123.80 > 192.0.2.10.49852: Flags [S.], seq 9693263, ack 2358685628, win 65535, length 0
14:22:09.997928 eth0  In  IP 192.0.2.123.80 > 192.0.2.10.49852: Flags [S.], seq 9693263, ack 2358685629, win 65535, length 0
14:22:09.997930 eth0  In  IP 192.0.2.123.80 > 192.0.2.10.49852: Flags [S.], seq 9693263, ack 2358685630, win 65535, length 0
14:22:09.997932 eth0  In  IP 192.0.2.123.80 > 192.0.2.10.49852: Flags [S.], seq 9693263, ack 2358685631, win 65535, length 0
14:22:09.997933 eth0  In  IP 192.0.2.123.80 > 192.0.2.10.49852: Flags [S.], seq 9693263, ack 2358685632, win 65535, length 0
14:22:09.997935 eth0  In  IP 192.0.2.123.80 > 192.0.2.10.49852: Flags [S.], seq 9693263, ack 2358685633, win 65535, length 0
14:22:09.997937 eth0  In  IP 192.0.2.123.80 > 192.0.2.10.49852: Flags [S.], seq 9693263, ack 2358685634, win 65535, length 0
14:22:09.997938 eth0  In  IP 192.0.2.123.80 > 192.0.2.10.49852: Flags [S.], seq 9693263, ack 2358685635, win 65535, length 0
14:22:09.997940 eth0  In  IP 192.0.2.123.80 > 192.0.2.10.49852: Flags [S.], seq 9693263, ack 2358685636, win 65535, length 0
14:22:09.997941 eth0  In  IP 192.0.2.123.80 > 192.0.2.10.49852: Flags [S.], seq 9693263, ack 2358685637, win 65535, length 0
14:22:09.997943 eth0  In  IP 192.0.2.123.80 > 192.0.2.10.49852: Flags [S.], seq 9693263, ack 2358685638, win 65535, length 0
14:22:09.997945 eth0  In  IP 192.0.2.123.80 > 192.0.2.10.49852: Flags [S.], seq 9693263, ack 2358685639, win 65535, length 0
14:22:09.997946 eth0  In  IP 192.0.2.123.80 > 192.0.2.10.49852: Flags [S.], seq 9693263, ack 2358685640, win 65535, length 0
14:22:09.997948 eth0  In  IP 192.0.2.123.80 > 192.0.2.10.49852: Flags [S.], seq 9693263, ack 2358685641, win 65535, length 0
14:22:09.997950 eth0  In  IP 192.0.2.123.80 > 192.0.2.10.49852: Flags [S.], seq 9693263, ack 2358685642, win 65535, length 0
14:22:09.997951 eth0  In  IP 192.0.2.123.80 > 192.0.2.10.49852: Flags [S.], seq 9693263, ack 2358685643, win 65535, length 0
14:22:09.997953 eth0  In  IP 192.0.2.123.80 > 192.0.2.10.49852: Flags [S.], seq 9693263, ack 2358685644, win 65535, length 0
14:22:09.997954 eth0  In  IP 192.0.2.123.80 > 192.0.2.10.49852: Flags [S.], seq 9693263, ack 2358685645, win 65535, length 0
14:22:09.997956 eth0  In  IP 192.0.2.123.80 > 192.0.2.10.49852: Flags [S.], seq 9693263, ack 2358685646, win 65535, length 0
14:22:09.997958 eth0  In  IP 192.0.2.123.80 > 192.0.2.10.49852: Flags [S.], seq 9693263, ack 2358685647, win 65535, length 0
14:22:09.997959 eth0  In  IP 192.0.2.123.80 > 192.0.2.10.49852: Flags [S.], seq 9693263, ack 2358685648, win 65535, length 0
14:22:09.997961 eth0  In  IP 192.0.2.123.80 > 192.0.2.10.49852: Flags [S.], seq 9693263, ack 2358685649, win 65535, length 0
14:22:09.997963 eth0  In  IP 192.0.2.123.80 > 192.0.2.10.49852: Flags [S.], seq 9693263, ack 2358685650, win 65535, length 0
14:22:09.997964 eth0  In  IP 192.0.2.123.80 > 192.0.2.10.49852: Flags [S.], seq 9693263, ack 2358685651, win 65535, length 0
14:22:09.998268 eth0  In  IP 192.0.2.123.80 > 192.0.2.10.49852: Flags [S.], seq 9693263, ack 2358685652, win 65535, length 0
14:22:09.998270 eth0  In  IP 192.0.2.123.80 > 192.0.2.10.49852: Flags [S.], seq 9693263, ack 2358685653, win 65535, length 0
14:22:09.998272 eth0  In  IP 192.0.2.123.80 > 192.0.2.10.49852: Flags [S.], seq 9693263, ack 2358685654, win 65535, length 0
14:22:09.998273 eth0  In  IP 192.0.2.123.80 > 192.0.2.10.49852: Flags [S.], seq 9693263, ack 2358685655, win 65535, length 0
14:22:09.998275 eth0  In  IP 192.0.2.123.80 > 192.0.2.10.49852: Flags [S.], seq 9693263, ack 2358685656, win 65535, length 0
14:22:09.998277 eth0  In  IP 192.0.2.123.80 > 192.0.2.10.49852: Flags [S.], seq 9693263, ack 2358685657, win 65535, length 0
14:22:09.998278 eth0  In  IP 192.0.2.123.80 > 192.0.2.10.49852: Flags [S.], seq 9693263, ack 2358685658, win 65535, length 0
14:22:09.998280 eth0  In  IP 192.0.2.123.80 > 192.0.2.10.49852: Flags [S.], seq 9693263, ack 2358685659, win 65535, length 0
14:22:09.998281 eth0  In  IP 192.0.2.123.80 > 192.0.2.10.49852: Flags [S.], seq 9693263, ack 2358685660, win 65535, length 0
14:22:09.998283 eth0  In  IP 192.0.2.123.80 > 192.0.2.10.49852: Flags [S.], seq 9693263, ack 2358685661, win 65535, length 0
14:22:09.998285 eth0  In  IP 192.0.2.123.80 > 192.0.2.10.49852: Flags [S.], seq 9693263, ack 2358685662, win 65535, length 0
14:22:09.998286 eth0  In  IP 192.0.2.123.80 > 192.0.2.10.49852: Flags [S.], seq 9693263, ack 2358685663, win 65535, length 0
14:22:09.998288 eth0  In  IP 192.0.2.123.80 > 192.0.2.10.49852: Flags [S.], seq 9693263, ack 2358685664, win 65535, length 0
14:22:09.998290 eth0  In  IP 192.0.2.123.80 > 192.0.2.10.49852: Flags [S.], seq 9693263, ack 2358685665, win 65535, length 0
14:22:09.998292 eth0  In  IP 192.0.2.123.80 > 192.0.2.10.49852: Flags [S.], seq 9693263, ack 2358685666, win 65535, length 0
14:22:09.998294 eth0  In  IP 192.0.2.123.80 > 192.0.2.10.49852: Flags [S.], seq 9693263, ack 2358685667, win 65535, length 0
14:22:09.998295 eth0  In  IP 192.0.2.123.80 > 192.0.2.10.49852: Flags [S.], seq 9693263, ack 2358685668, win 65535, length 0
14:22:09.998297 eth0  In  IP 192.0.2.123.80 > 192.0.2.10.49852: Flags [S.], seq 9693263, ack 2358685669, win 65535, length 0
14:22:09.998298 eth0  In  IP 192.0.2.123.80 > 192.0.2.10.49852: Flags [S.], seq 9693263, ack 2358685670, win 65535, length 0
14:22:09.998300 eth0  In  IP 192.0.2.123.80 > 192.0.2.10.49852: Flags [S.], seq 9693263, ack 2358685671, win 65535, length 0
14:22:09.998302 eth0  In  IP 192.0.2.123.80 > 192.0.2.10.49852: Flags [S.], seq 9693263, ack 2358685672, win 65535, length 0
14:22:09.998303 eth0  In  IP 192.0.2.123.80 > 192.0.2.10.49852: Flags [S.], seq 9693263, ack 2358685673, win 65535, length 0
14:22:09.998305 eth0  In  IP 192.0.2.123.80 > 192.0.2.10.49852: Flags [S.], seq 9693263, ack 2358685674, win 65535, length 0
14:22:09.998307 eth0  In  IP 192.0.2.123.80 > 192.0.2.10.49852: Flags [S.], seq 9693263, ack 2358685675, win 65535, length 0
14:22:09.998308 eth0  In  IP 192.0.2.123.80 > 192.0.2.10.49852: Flags [S.], seq 9693263, ack 2358685676, win 65535, length 0
14:22:09.998310 eth0  In  IP 192.0.2.123.80 > 192.0.2.10.49852: Flags [S.], seq 9693263, ack 2358685677, win 65535, length 0
14:22:09.998311 eth0  In  IP 192.0.2.123.80 > 192.0.2.10.49852: Flags [S.], seq 9693263, ack 2358685678, win 65535, length 0
14:22:09.998313 eth0  In  IP 192.0.2.123.80 > 192.0.2.10.49852: Flags [S.], seq 9693263, ack 2358685679, win 65535, length 0
14:22:09.998315 eth0  In  IP 192.0.2.123.80 > 192.0.2.10.49852: Flags [S.], seq 9693263, ack 2358685680, win 65535, length 0
14:22:09.998316 eth0  In  IP 192.0.2.123.80 > 192.0.2.10.49852: Flags [S.], seq 9693263, ack 2358685681, win 65535, length 0
14:22:09.998318 eth0  In  IP 192.0.2.123.80 > 192.0.2.10.49852: Flags [S.], seq 9693263, ack 2358685682, win 65535, length 0
14:22:09.998319 eth0  In  IP 192.0.2.123.80 > 192.0.2.10.49852: Flags [S.], seq 9693263, ack 2358685683, win 65535, length 0
14:22:09.998624 eth0  In  IP 192.0.2.123.80 > 192.0.2.10.49852: Flags [S.], seq 9693263, ack 2358685684, win 65535, length 0
14:22:09.998625 eth0  In  IP 192.0.2.123.80 > 192.0.2.10.49852: Flags [S.], seq 9693263, ack 2358685685, win 65535, length 0
14:22:09.998627 eth0  In  IP 192.0.2.123.80 > 192.0.2.10.49852: Flags [S.], seq 9693263, ack 2358685686, win 65535, length 0
14:22:09.998629 eth0  In  IP 192.0.2.123.80 > 192.0.2.10.49852: Flags [S.], seq 9693263, ack 2358685687, win 65535, length 0
14:22:09.998630 eth0  In  IP 192.0.2.123.80 > 192.0.2.10.49852: Flags [S.], seq 9693263, ack 2358685688, win 65535, length 0
14:22:09.998632 eth0  In  IP 192.0.2.123.80 > 192.0.2.10.49852: Flags [S.], seq 9693263, ack 2358685689, win 65535, length 0
14:22:09.998633 eth0  In  IP 192.0.2.123.80 > 192.0.2.10.49852: Flags [S.], seq 9693263, ack 2358685690, win 65535, length 0
14:22:09.998635 eth0  In  IP 192.0.2.123.80 > 192.0.2.10.49852: Flags [S.], seq 9693263, ack 2358685691, win 65535, length 0
14:22:09.998637 eth0  In  IP 192.0.2.123.80 > 192.0.2.10.49852: Flags [S.], seq 9693263, ack 2358685692, win 65535, length 0
14:22:09.998638 eth0  In  IP 192.0.2.123.80 > 192.0.2.10.49852: Flags [S.], seq 9693263, ack 2358685693, win 65535, length 0
14:22:09.998640 eth0  In  IP 192.0.2.123.80 > 192.0.2.10.49852: Flags [S.], seq 9693263, ack 2358685694, win 65535, length 0
14:22:09.998642 eth0  In  IP 192.0.2.123.80 > 192.0.2.10.49852: Flags [S.], seq 9693263, ack 2358685695, win 65535, length 0
14:22:09.998643 eth0  In  IP 192.0.2.123.80 > 192.0.2.10.49852: Flags [S.], seq 9693263, ack 2358685696, win 65535, length 0
14:22:09.998645 eth0  In  IP 192.0.2.123.80 > 192.0.2.10.49852: Flags [S.], seq 9693263, ack 2358685697, win 65535, length 0
14:22:09.998646 eth0  In  IP 192.0.2.123.80 > 192.0.2.10.49852: Flags [S.], seq 9693263, ack 2358685698, win 65535, length 0
14:22:09.998648 eth0  In  IP 192.0.2.123.80 > 192.0.2.10.49852: Flags [S.], seq 9693263, ack 2358685699, win 65535, length 0
14:22:09.998650 eth0  In  IP 192.0.2.123.80 > 192.0.2.10.49852: Flags [S.], seq 9693263, ack 2358685700, win 65535, length 0
14:22:09.998651 eth0  In  IP 192.0.2.123.80 > 192.0.2.10.49852: Flags [S.], seq 9693263, ack 2358685701, win 65535, length 0
14:22:09.998653 eth0  In  IP 192.0.2.123.80 > 192.0.2.10.49852: Flags [S.], seq 9693263, ack 2358685702, win 65535, length 0
14:22:09.998654 eth0  In  IP 192.0.2.123.80 > 192.0.2.10.49852: Flags [S.], seq 9693263, ack 2358685703, win 65535, length 0
14:22:09.998656 eth0  In  IP 192.0.2.123.80 > 192.0.2.10.49852: Flags [S.], seq 9693263, ack 2358685704, win 65535, length 0
14:22:09.998658 eth0  In  IP 192.0.2.123.80 > 192.0.2.10.49852: Flags [S.], seq 9693263, ack 2358685705, win 65535, length 0
14:22:09.998659 eth0  In  IP 192.0.2.123.80 > 192.0.2.10.49852: Flags [S.], seq 9693263, ack 2358685706, win 65535, length 0
14:22:09.998662 eth0  In  IP 192.0.2.123.80 > 192.0.2.10.49852: Flags [S.], seq 9693263, ack 2358685707, win 65535, length 0
14:22:09.998663 eth0  In  IP 192.0.2.123.80 > 192.0.2.10.49852: Flags [S.], seq 9693263, ack 2358685708, win 65535, length 0
14:22:09.998665 eth0  In  IP 192.0.2.123.80 > 192.0.2.10.49852: Flags [S.], seq 9693263, ack 2358685709, win 65535, length 0
14:22:09.998666 eth0  In  IP 192.0.2.123.80 > 192.0.2.10.49852: Flags [S.], seq 9693263, ack 2358685710, win 65535, length 0
14:22:09.998668 eth0  In  IP 192.0.2.123.80 > 192.0.2.10.49852: Flags [S.], seq 9693263, ack 2358685711, win 65535, length 0
14:22:09.998670 eth0  In  IP 192.0.2.123.80 > 192.0.2.10.49852: Flags [S.], seq 9693263, ack 2358685712, win 65535, length 0
14:22:09.998671 eth0  In  IP 192.0.2.123.80 > 192.0.2.10.49852: Flags [S.], seq 9693263, ack 2358685713, win 65535, length 0
14:22:09.998673 eth0  In  IP 192.0.2.123.80 > 192.0.2.10.49852: Flags [S.], seq 9693263, ack 2358685714, win 65535, length 0
14:22:09.998675 eth0  In  IP 192.0.2.123.80 > 192.0.2.10.49852: Flags [S.], seq 9693263, ack 2358685715, win 65535, length 0
14:22:09.998979 eth0  In  IP 192.0.2.123.80 > 192.0.2.10.49852: Flags [S.], seq 9693263, ack 2358685716, win 65535, length 0
14:22:09.998980 eth0  In  IP 192.0.2.123.80 > 192.0.2.10.49852: Flags [S.], seq 9693263, ack 2358685717, win 65535, length 0
14:22:09.998982 eth0  In  IP 192.0.2.123.80 > 192.0.2.10.49852: Flags [S.], seq 9693263, ack 2358685718, win 65535, length 0
14:22:09.998984 eth0  In  IP 192.0.2.123.80 > 192.0.2.10.49852: Flags [S.], seq 9693263, ack 2358685719, win 65535, length 0
14:22:09.998985 eth0  In  IP 192.0.2.123.80 > 192.0.2.10.49852: Flags [S.], seq 9693263, ack 2358685720, win 65535, length 0
14:22:09.998987 eth0  In  IP 192.0.2.123.80 > 192.0.2.10.49852: Flags [S.], seq 9693263, ack 2358685721, win 65535, length 0
14:22:09.998988 eth0  In  IP 192.0.2.123.80 > 192.0.2.10.49852: Flags [S.], seq 9693263, ack 2358685722, win 65535, length 0
14:22:09.998990 eth0  In  IP 192.0.2.123.80 > 192.0.2.10.49852: Flags [S.], seq 9693263, ack 2358685723, win 65535, length 0
14:22:09.998992 eth0  In  IP 192.0.2.123.80 > 192.0.2.10.49852: Flags [S.], seq 9693263, ack 2358685724, win 65535, length 0
14:22:09.998993 eth0  In  IP 192.0.2.123.80 > 192.0.2.10.49852: Flags [S.], seq 9693263, ack 2358685725, win 65535, length 0
14:22:09.998995 eth0  In  IP 192.0.2.123.80 > 192.0.2.10.49852: Flags [S.], seq 9693263, ack 2358685726, win 65535, length 0
14:22:09.998997 eth0  In  IP 192.0.2.123.80 > 192.0.2.10.49852: Flags [S.], seq 9693263, ack 2358685727, win 65535, length 0
14:22:09.998998 eth0  In  IP 192.0.2.123.80 > 192.0.2.10.49852: Flags [S.], seq 9693263, ack 2358685728, win 65535, length 0
14:22:09.999000 eth0  In  IP 192.0.2.123.80 > 192.0.2.10.49852: Flags [S.], seq 9693263, ack 2358685729, win 65535, length 0
14:22:09.999001 eth0  In  IP 192.0.2.123.80 > 192.0.2.10.49852: Flags [S.], seq 9693263, ack 2358685730, win 65535, length 0
14:22:09.999003 eth0  In  IP 192.0.2.123.80 > 192.0.2.10.49852: Flags [S.], seq 9693263, ack 2358685731, win 65535, length 0
14:22:09.999005 eth0  In  IP 192.0.2.123.80 > 192.0.2.10.49852: Flags [S.], seq 9693263, ack 2358685732, win 65535, length 0
14:22:09.999006 eth0  In  IP 192.0.2.123.80 > 192.0.2.10.49852: Flags [S.], seq 9693263, ack 2358685733, win 65535, length 0
14:22:09.999008 eth0  In  IP 192.0.2.123.80 > 192.0.2.10.49852: Flags [S.], seq 9693263, ack 2358685734, win 65535, length 0
14:22:09.999010 eth0  In  IP 192.0.2.123.80 > 192.0.2.10.49852: Flags [S.], seq 9693263, ack 2358685735, win 65535, length 0
14:22:09.999011 eth0  In  IP 192.0.2.123.80 > 192.0.2.10.49852: Flags [S.], seq 9693263, ack 2358685736, win 65535, length 0
14:22:09.999013 eth0  In  IP 192.0.2.123.80 > 192.0.2.10.49852: Flags [S.], seq 9693263, ack 2358685737, win 65535, length 0
14:22:09.999014 eth0  In  IP 192.0.2.123.80 > 192.0.2.10.49852: Flags [S.], seq 9693263, ack 2358685738, win 65535, length 0
14:22:09.999016 eth0  In  IP 192.0.2.123.80 > 192.0.2.10.49852: Flags [S.], seq 9693263, ack 2358685739, win 65535, length 0
14:22:09.999018 eth0  In  IP 192.0.2.123.80 > 192.0.2.10.49852: Flags [S.], seq 9693263, ack 2358685740, win 65535, length 0
14:22:09.999019 eth0  In  IP 192.0.2.123.80 > 192.0.2.10.49852: Flags [S.], seq 9693263, ack 2358685741, win 65535, length 0
14:22:09.999021 eth0  In  IP 192.0.2.123.80 > 192.0.2.10.49852: Flags [S.], seq 9693263, ack 2358685742, win 65535, length 0
14:22:09.999022 eth0  In  IP 192.0.2.123.80 > 192.0.2.10.49852: Flags [S.], seq 9693263, ack 2358685743, win 65535, length 0
14:22:09.999024 eth0  In  IP 192.0.2.123.80 > 192.0.2.10.49852: Flags [S.], seq 9693263, ack 2358685744, win 65535, length 0
14:22:09.999026 eth0  In  IP 192.0.2.123.80 > 192.0.2.10.49852: Flags [S.], seq 9693263, ack 2358685745, win 65535, length 0
14:22:09.999027 eth0  In  IP 192.0.2.123.80 > 192.0.2.10.49852: Flags [S.], seq 9693263, ack 2358685746, win 65535, length 0
14:22:09.999029 eth0  In  IP 192.0.2.123.80 > 192.0.2.10.49852: Flags [S.], seq 9693263, ack 2358685747, win 65535, length 0
14:22:09.999332 eth0  In  IP 192.0.2.123.80 > 192.0.2.10.49852: Flags [S.], seq 9693263, ack 2358685748, win 65535, length 0
14:22:10.001359 eth0  In  IP 192.0.2.123.80 > 192.0.2.10.49852: Flags [P.], seq 1:107, ack 4294965747, win 65535, length 106: HTTP: HTTP/1.1 200 OK
14:22:10.001364 eth0  Out IP 192.0.2.10.49852 > 192.0.2.123.80: Flags [.], ack 107, win 64134, length 0
14:22:10.001677 eth0  In  IP 192.0.2.123.80 > 192.0.2.10.49852: Flags [P.], seq 1:107, ack 4294965797, win 65535, length 106: HTTP: HTTP/1.1 200 OK
14:22:10.001984 eth0  In  IP 192.0.2.123.80 > 192.0.2.10.49852: Flags [P.], seq 1:107, ack 4294965847, win 65535, length 106: HTTP: HTTP/1.1 200 OK
14:22:10.001986 eth0  Out IP 192.0.2.10.49852 > 192.0.2.123.80: Flags [.], ack 107, win 64134, length 0
14:22:10.002294 eth0  In  IP 192.0.2.123.80 > 192.0.2.10.49852: Flags [P.], seq 1:107, ack 4294965897, win 65535, length 106: HTTP: HTTP/1.1 200 OK
14:22:10.002600 eth0  In  IP 192.0.2.123.80 > 192.0.2.10.49852: Flags [P.], seq 1:107, ack 4294965947, win 65535, length 106: HTTP: HTTP/1.1 200 OK
14:22:10.002905 eth0  In  IP 192.0.2.123.80 > 192.0.2.10.49852: Flags [P.], seq 1:107, ack 4294965997, win 65535, length 106: HTTP: HTTP/1.1 200 OK
14:22:10.003209 eth0  In  IP 192.0.2.123.80 > 192.0.2.10.49852: Flags [P.], seq 1:107, ack 4294966047, win 65535, length 106: HTTP: HTTP/1.1 200 OK
14:22:10.003514 eth0  In  IP 192.0.2.123.80 > 192.0.2.10.49852: Flags [P.], seq 1:107, ack 4294966097, win 65535, length 106: HTTP: HTTP/1.1 200 OK
14:22:10.003819 eth0  In  IP 192.0.2.123.80 > 192.0.2.10.49852: Flags [P.], seq 1:107, ack 4294966147, win 65535, length 106: HTTP: HTTP/1.1 200 OK
14:22:10.004125 eth0  In  IP 192.0.2.123.80 > 192.0.2.10.49852: Flags [P.], seq 1:107, ack 4294966197, win 65535, length 106: HTTP: HTTP/1.1 200 OK
14:22:10.004431 eth0  In  IP 192.0.2.123.80 > 192.0.2.10.49852: Flags [P.], seq 1:107, ack 4294966247, win 65535, length 106: HTTP: HTTP/1.1 200 OK
14:22:10.004738 eth0  In  IP 192.0.2.123.80 > 192.0.2.10.49852: Flags [P.], seq 1:107, ack 4294966297, win 65535, length 106: HTTP: HTTP/1.1 200 OK
14:22:10.005044 eth0  In  IP 192.0.2.123.80 > 192.0.2.10.49852: Flags [P.], seq 1:107, ack 4294966347, win 65535, length 106: HTTP: HTTP/1.1 200 OK
14:22:10.005350 eth0  In  IP 192.0.2.123.80 > 192.0.2.10.49852: Flags [P.], seq 1:107, ack 4294966397, win 65535, length 106: HTTP: HTTP/1.1 200 OK
14:22:10.005655 eth0  In  IP 192.0.2.123.80 > 192.0.2.10.49852: Flags [P.], seq 1:107, ack 4294966447, win 65535, length 106: HTTP: HTTP/1.1 200 OK
14:22:10.005961 eth0  In  IP 192.0.2.123.80 > 192.0.2.10.49852: Flags [P.], seq 1:107, ack 4294966497, win 65535, length 106: HTTP: HTTP/1.1 200 OK
14:22:10.006266 eth0  In  IP 192.0.2.123.80 > 192.0.2.10.49852: Flags [P.], seq 1:107, ack 4294966547, win 65535, length 106: HTTP: HTTP/1.1 200 OK
14:22:10.006572 eth0  In  IP 192.0.2.123.80 > 192.0.2.10.49852: Flags [P.], seq 1:107, ack 4294966597, win 65535, length 106: HTTP: HTTP/1.1 200 OK
14:22:10.006878 eth0  In  IP 192.0.2.123.80 > 192.0.2.10.49852: Flags [P.], seq 1:107, ack 4294966647, win 65535, length 106: HTTP: HTTP/1.1 200 OK
14:22:10.007185 eth0  In  IP 192.0.2.123.80 > 192.0.2.10.49852: Flags [P.], seq 1:107, ack 4294966697, win 65535, length 106: HTTP: HTTP/1.1 200 OK
14:22:10.007491 eth0  In  IP 192.0.2.123.80 > 192.0.2.10.49852: Flags [P.], seq 1:107, ack 4294966747, win 65535, length 106: HTTP: HTTP/1.1 200 OK
14:22:10.007798 eth0  In  IP 192.0.2.123.80 > 192.0.2.10.49852: Flags [P.], seq 1:107, ack 4294966797, win 65535, length 106: HTTP: HTTP/1.1 200 OK
14:22:10.008105 eth0  In  IP 192.0.2.123.80 > 192.0.2.10.49852: Flags [P.], seq 1:107, ack 4294966847, win 65535, length 106: HTTP: HTTP/1.1 200 OK
14:22:10.008412 eth0  In  IP 192.0.2.123.80 > 192.0.2.10.49852: Flags [P.], seq 1:107, ack 4294966897, win 65535, length 106: HTTP: HTTP/1.1 200 OK
14:22:10.008718 eth0  In  IP 192.0.2.123.80 > 192.0.2.10.49852: Flags [P.], seq 1:107, ack 4294966947, win 65535, length 106: HTTP: HTTP/1.1 200 OK
14:22:10.009023 eth0  In  IP 192.0.2.123.80 > 192.0.2.10.49852: Flags [P.], seq 1:107, ack 4294966997, win 65535, length 106: HTTP: HTTP/1.1 200 OK
14:22:10.009329 eth0  In  IP 192.0.2.123.80 > 192.0.2.10.49852: Flags [P.], seq 1:107, ack 4294967047, win 65535, length 106: HTTP: HTTP/1.1 200 OK
14:22:10.009635 eth0  In  IP 192.0.2.123.80 > 192.0.2.10.49852: Flags [P.], seq 1:107, ack 4294967097, win 65535, length 106: HTTP: HTTP/1.1 200 OK
14:22:10.009940 eth0  In  IP 192.0.2.123.80 > 192.0.2.10.49852: Flags [P.], seq 1:107, ack 4294967147, win 65535, length 106: HTTP: HTTP/1.1 200 OK
14:22:10.010246 eth0  In  IP 192.0.2.123.80 > 192.0.2.10.49852: Flags [P.], seq 1:107, ack 4294967197, win 65535, length 106: HTTP: HTTP/1.1 200 OK
14:22:10.010551 eth0  In  IP 192.0.2.123.80 > 192.0.2.10.49852: Flags [P.], seq 1:107, ack 4294967247, win 65535, length 106: HTTP: HTTP/1.1 200 OK
14:22:10.010858 eth0  In  IP 192.0.2.123.80 > 192.0.2.10.49852: Flags [P.], seq 1:107, ack 1, win 65535, length 106: HTTP: HTTP/1.1 200 OK
14:22:10.011164 eth0  In  IP 192.0.2.123.80 > 192.0.2.10.49852: Flags [P.], seq 1:107, ack 51, win 65535, length 106: HTTP: HTTP/1.1 200 OK
14:22:10.013490 eth0  In  IP 192.0.2.123.80 > 192.0.2.10.49852: Flags [F.], seq 107, ack 4294965697, win 65535, length 0
14:22:10.013501 eth0  In  IP 192.0.2.123.80 > 192.0.2.10.49852: Flags [F.], seq 107, ack 4294965747, win 65535, length 0
14:22:10.013512 eth0  In  IP 192.0.2.123.80 > 192.0.2.10.49852: Flags [F.], seq 107, ack 4294965797, win 65535, length 0
14:22:10.013521 eth0  In  IP 192.0.2.123.80 > 192.0.2.10.49852: Flags [F.], seq 107, ack 4294965847, win 65535, length 0
14:22:10.013533 eth0  In  IP 192.0.2.123.80 > 192.0.2.10.49852: Flags [F.], seq 107, ack 4294965897, win 65535, length 0
14:22:10.013535 eth0  In  IP 192.0.2.123.80 > 192.0.2.10.49852: Flags [F.], seq 107, ack 4294965947, win 65535, length 0
14:22:10.013537 eth0  In  IP 192.0.2.123.80 > 192.0.2.10.49852: Flags [F.], seq 107, ack 4294965997, win 65535, length 0
14:22:10.013539 eth0  In  IP 192.0.2.123.80 > 192.0.2.10.49852: Flags [F.], seq 107, ack 4294966047, win 65535, length 0
14:22:10.013541 eth0  In  IP 192.0.2.123.80 > 192.0.2.10.49852: Flags [F.], seq 107, ack 4294966097, win 65535, length 0
14:22:10.013543 eth0  In  IP 192.0.2.123.80 > 192.0.2.10.49852: Flags [F.], seq 107, ack 4294966147, win 65535, length 0
14:22:10.013545 eth0  Out IP 192.0.2.10.49852 > 192.0.2.123.80: Flags [F.], seq 4294965877, ack 108, win 64133, length 0
14:22:10.013545 eth0  In  IP 192.0.2.123.80 > 192.0.2.10.49852: Flags [F.], seq 107, ack 4294966197, win 65535, length 0
14:22:10.013547 eth0  In  IP 192.0.2.123.80 > 192.0.2.10.49852: Flags [F.], seq 107, ack 4294966247, win 65535, length 0
14:22:10.013549 eth0  In  IP 192.0.2.123.80 > 192.0.2.10.49852: Flags [F.], seq 107, ack 4294966297, win 65535, length 0
14:22:10.013551 eth0  In  IP 192.0.2.123.80 > 192.0.2.10.49852: Flags [F.], seq 107, ack 4294966347, win 65535, length 0
14:22:10.013553 eth0  In  IP 192.0.2.123.80 > 192.0.2.10.49852: Flags [F.], seq 107, ack 4294966397, win 65535, length 0
14:22:10.013555 eth0  In  IP 192.0.2.123.80 > 192.0.2.10.49852: Flags [F.], seq 107, ack 4294966447, win 65535, length 0
14:22:10.013557 eth0  In  IP 192.0.2.123.80 > 192.0.2.10.49852: Flags [F.], seq 107, ack 4294966497, win 65535, length 0
14:22:10.013559 eth0  In  IP 192.0.2.123.80 > 192.0.2.10.49852: Flags [F.], seq 107, ack 4294966547, win 65535, length 0
14:22:10.013561 eth0  In  IP 192.0.2.123.80 > 192.0.2.10.49852: Flags [F.], seq 107, ack 4294966597, win 65535, length 0
14:22:10.013563 eth0  In  IP 192.0.2.123.80 > 192.0.2.10.49852: Flags [F.], seq 107, ack 4294966647, win 65535, length 0
14:22:10.013565 eth0  In  IP 192.0.2.123.80 > 192.0.2.10.49852: Flags [F.], seq 107, ack 4294966697, win 65535, length 0
14:22:10.013567 eth0  In  IP 192.0.2.123.80 > 192.0.2.10.49852: Flags [F.], seq 107, ack 4294966747, win 65535, length 0
14:22:10.013568 eth0  In  IP 192.0.2.123.80 > 192.0.2.10.49852: Flags [F.], seq 107, ack 4294966797, win 65535, length 0
14:22:10.013570 eth0  In  IP 192.0.2.123.80 > 192.0.2.10.49852: Flags [F.], seq 107, ack 4294966847, win 65535, length 0
14:22:10.013572 eth0  In  IP 192.0.2.123.80 > 192.0.2.10.49852: Flags [F.], seq 107, ack 4294966897, win 65535, length 0
14:22:10.013574 eth0  In  IP 192.0.2.123.80 > 192.0.2.10.49852: Flags [F.], seq 107, ack 4294966947, win 65535, length 0
14:22:10.013576 eth0  In  IP 192.0.2.123.80 > 192.0.2.10.49852: Flags [F.], seq 107, ack 4294966997, win 65535, length 0
14:22:10.013578 eth0  In  IP 192.0.2.123.80 > 192.0.2.10.49852: Flags [F.], seq 107, ack 4294967047, win 65535, length 0
14:22:10.013580 eth0  In  IP 192.0.2.123.80 > 192.0.2.10.49852: Flags [F.], seq 107, ack 4294967097, win 65535, length 0
14:22:10.013582 eth0  In  IP 192.0.2.123.80 > 192.0.2.10.49852: Flags [F.], seq 107, ack 4294967147, win 65535, length 0
14:22:10.013584 eth0  In  IP 192.0.2.123.80 > 192.0.2.10.49852: Flags [F.], seq 107, ack 4294967197, win 65535, length 0
14:22:10.013585 eth0  In  IP 192.0.2.123.80 > 192.0.2.10.49852: Flags [F.], seq 107, ack 4294967247, win 65535, length 0
14:22:10.013587 eth0  In  IP 192.0.2.123.80 > 192.0.2.10.49852: Flags [F.], seq 107, ack 1, win 65535, length 0
14:22:10.028235 eth0  In  IP 192.0.2.123.80 > 192.0.2.10.49852: Flags [S.], seq 3712935693, ack 2358684272, win 65160, options [mss 1460,sackOK,TS val 3206979203 ecr 3817239850,nop,wscale 7], length 0
14:22:10.032642 eth0  In  IP 192.0.2.123.80 > 192.0.2.10.49852: Flags [R], seq 9693264, win 0, length 0
14:22:10.032648 eth0  In  IP 192.0.2.123.80 > 192.0.2.10.49852: Flags [R], seq 9693264, win 0, length 0
14:22:10.032721 eth0  In  IP 192.0.2.123.80 > 192.0.2.10.49852: Flags [R], seq 9693264, win 0, length 0
14:22:10.051373 eth0  In  IP 192.0.2.123.80 > 192.0.2.10.49852: Flags [R], seq 9693370, win 0, length 0
14:22:10.052090 eth0  In  IP 192.0.2.123.80 > 192.0.2.10.49852: Flags [R], seq 9693370, win 0, length 0
14:22:10.063662 eth0  In  IP 192.0.2.123.80 > 192.0.2.10.49852: Flags [R], seq 9693371, win 0, length 0
14:22:11.030218 eth0  In  IP 192.0.2.123.80 > 192.0.2.10.49852: Flags [S.], seq 3712935693, ack 2358684272, win 65160, options [mss 1460,sackOK,TS val 3206980205 ecr 3817239850,nop,wscale 7], length 0
14:22:11.030244 eth0  Out IP 192.0.2.10.49852 > 192.0.2.123.80: Flags [R], seq 2358684272, win 0, length 0
